candidate_id,had_skills_on_file,strategy,n_recommendations,n_relevant_actions,any_relevant_action
newcand_0,False,popularity_baseline,10,2,True
newcand_1,True,popularity_baseline,10,3,True
newcand_2,True,popularity_baseline,10,0,False
newcand_3,True,popularity_baseline,10,1,True
newcand_4,True,popularity_baseline,10,2,True
newcand_5,True,popularity_baseline,10,0,False
newcand_6,True,popularity_baseline,10,2,True
newcand_7,False,popularity_baseline,10,1,True
newcand_8,True,popularity_baseline,10,0,False
newcand_9,True,popularity_baseline,10,1,True
newcand_10,True,popularity_baseline,10,1,True
newcand_11,True,popularity_baseline,10,0,False
newcand_12,True,popularity_baseline,10,2,True
newcand_13,True,popularity_baseline,10,0,False
newcand_14,True,popularity_baseline,10,0,False
newcand_15,True,popularity_baseline,10,1,True
newcand_16,True,popularity_baseline,10,1,True
newcand_17,True,popularity_baseline,10,1,True
newcand_18,True,popularity_baseline,10,2,True
newcand_19,True,popularity_baseline,10,0,False
newcand_20,True,popularity_baseline,10,0,False
newcand_21,True,popularity_baseline,10,1,True
newcand_22,True,popularity_baseline,10,0,False
newcand_23,True,popularity_baseline,10,1,True
newcand_24,True,popularity_baseline,10,3,True
newcand_25,False,popularity_baseline,10,1,True
newcand_26,True,popularity_baseline,10,1,True
newcand_27,True,popularity_baseline,10,2,True
newcand_28,True,popularity_baseline,10,1,True
newcand_29,True,popularity_baseline,10,1,True
newcand_30,True,popularity_baseline,10,0,False
newcand_31,True,popularity_baseline,10,0,False
newcand_32,True,popularity_baseline,10,2,True
newcand_33,True,popularity_baseline,10,1,True
newcand_34,False,popularity_baseline,10,0,False
newcand_35,True,popularity_baseline,10,1,True
newcand_36,True,popularity_baseline,10,1,True
newcand_37,True,popularity_baseline,10,2,True
newcand_38,True,popularity_baseline,10,1,True
newcand_39,True,popularity_baseline,10,2,True
newcand_40,False,popularity_baseline,10,0,False
newcand_41,True,popularity_baseline,10,2,True
newcand_42,True,popularity_baseline,10,0,False
newcand_43,True,popularity_baseline,10,1,True
newcand_44,True,popularity_baseline,10,1,True
newcand_45,False,popularity_baseline,10,1,True
newcand_46,True,popularity_baseline,10,3,True
newcand_47,True,popularity_baseline,10,3,True
newcand_48,True,popularity_baseline,10,0,False
newcand_49,False,popularity_baseline,10,0,False
newcand_50,True,popularity_baseline,10,1,True
newcand_51,False,popularity_baseline,10,0,False
newcand_52,True,popularity_baseline,10,2,True
newcand_53,True,popularity_baseline,10,2,True
newcand_54,True,popularity_baseline,10,0,False
newcand_55,True,popularity_baseline,10,3,True
newcand_56,True,popularity_baseline,10,1,True
newcand_57,True,popularity_baseline,10,3,True
newcand_58,True,popularity_baseline,10,0,False
newcand_59,True,popularity_baseline,10,3,True
newcand_60,True,popularity_baseline,10,1,True
newcand_61,True,popularity_baseline,10,3,True
newcand_62,True,popularity_baseline,10,1,True
newcand_63,True,popularity_baseline,10,0,False
newcand_64,True,popularity_baseline,10,3,True
newcand_65,True,popularity_baseline,10,0,False
newcand_66,True,popularity_baseline,10,0,False
newcand_67,True,popularity_baseline,10,2,True
newcand_68,True,popularity_baseline,10,2,True
newcand_69,True,popularity_baseline,10,1,True
newcand_70,True,popularity_baseline,10,2,True
newcand_71,True,popularity_baseline,10,3,True
newcand_72,True,popularity_baseline,10,1,True
newcand_73,True,popularity_baseline,10,1,True
newcand_74,True,popularity_baseline,10,2,True
newcand_75,True,popularity_baseline,10,0,False
newcand_76,True,popularity_baseline,10,1,True
newcand_77,True,popularity_baseline,10,0,False
newcand_78,True,popularity_baseline,10,2,True
newcand_79,True,popularity_baseline,10,0,False
newcand_80,True,popularity_baseline,10,1,True
newcand_81,True,popularity_baseline,10,0,False
newcand_82,True,popularity_baseline,10,2,True
newcand_83,True,popularity_baseline,10,2,True
newcand_84,True,popularity_baseline,10,2,True
newcand_85,True,popularity_baseline,10,1,True
newcand_86,True,popularity_baseline,10,0,False
newcand_87,True,popularity_baseline,10,5,True
newcand_88,True,popularity_baseline,10,1,True
newcand_89,True,popularity_baseline,10,1,True
newcand_90,True,popularity_baseline,10,2,True
newcand_91,True,popularity_baseline,10,2,True
newcand_92,True,popularity_baseline,10,4,True
newcand_93,True,popularity_baseline,10,1,True
newcand_94,True,popularity_baseline,10,1,True
newcand_95,True,popularity_baseline,10,0,False
newcand_96,True,popularity_baseline,10,2,True
newcand_97,True,popularity_baseline,10,0,False
newcand_98,True,popularity_baseline,10,3,True
newcand_99,True,popularity_baseline,10,2,True
newcand_100,True,popularity_baseline,10,1,True
newcand_101,True,popularity_baseline,10,0,False
newcand_102,True,popularity_baseline,10,2,True
newcand_103,True,popularity_baseline,10,3,True
newcand_104,True,popularity_baseline,10,2,True
newcand_105,True,popularity_baseline,10,1,True
newcand_106,True,popularity_baseline,10,4,True
newcand_107,True,popularity_baseline,10,0,False
newcand_108,True,popularity_baseline,10,2,True
newcand_109,True,popularity_baseline,10,2,True
newcand_110,True,popularity_baseline,10,2,True
newcand_111,True,popularity_baseline,10,3,True
newcand_112,True,popularity_baseline,10,1,True
newcand_113,True,popularity_baseline,10,1,True
newcand_114,True,popularity_baseline,10,1,True
newcand_115,True,popularity_baseline,10,0,False
newcand_116,True,popularity_baseline,10,1,True
newcand_117,True,popularity_baseline,10,2,True
newcand_118,True,popularity_baseline,10,2,True
newcand_119,True,popularity_baseline,10,1,True
newcand_120,True,popularity_baseline,10,1,True
newcand_121,True,popularity_baseline,10,0,False
newcand_122,True,popularity_baseline,10,1,True
newcand_123,True,popularity_baseline,10,1,True
newcand_124,True,popularity_baseline,10,3,True
newcand_125,True,popularity_baseline,10,1,True
newcand_126,True,popularity_baseline,10,1,True
newcand_127,False,popularity_baseline,10,1,True
newcand_128,True,popularity_baseline,10,0,False
newcand_129,True,popularity_baseline,10,1,True
newcand_130,True,popularity_baseline,10,1,True
newcand_131,True,popularity_baseline,10,1,True
newcand_132,True,popularity_baseline,10,2,True
newcand_133,True,popularity_baseline,10,1,True
newcand_134,True,popularity_baseline,10,1,True
newcand_135,True,popularity_baseline,10,2,True
newcand_136,True,popularity_baseline,10,2,True
newcand_137,True,popularity_baseline,10,1,True
newcand_138,True,popularity_baseline,10,3,True
newcand_139,True,popularity_baseline,10,2,True
newcand_140,True,popularity_baseline,10,1,True
newcand_141,True,popularity_baseline,10,5,True
newcand_142,True,popularity_baseline,10,1,True
newcand_143,True,popularity_baseline,10,0,False
newcand_144,False,popularity_baseline,10,4,True
newcand_145,True,popularity_baseline,10,1,True
newcand_146,True,popularity_baseline,10,0,False
newcand_147,True,popularity_baseline,10,0,False
newcand_148,True,popularity_baseline,10,4,True
newcand_149,True,popularity_baseline,10,3,True
newcand_150,True,popularity_baseline,10,1,True
newcand_151,True,popularity_baseline,10,0,False
newcand_152,True,popularity_baseline,10,2,True
newcand_153,True,popularity_baseline,10,1,True
newcand_154,True,popularity_baseline,10,2,True
newcand_155,True,popularity_baseline,10,1,True
newcand_156,True,popularity_baseline,10,2,True
newcand_157,True,popularity_baseline,10,2,True
newcand_158,True,popularity_baseline,10,1,True
newcand_159,True,popularity_baseline,10,0,False
newcand_160,True,popularity_baseline,10,4,True
newcand_161,True,popularity_baseline,10,0,False
newcand_162,True,popularity_baseline,10,4,True
newcand_163,True,popularity_baseline,10,2,True
newcand_164,True,popularity_baseline,10,1,True
newcand_165,True,popularity_baseline,10,1,True
newcand_166,True,popularity_baseline,10,1,True
newcand_167,True,popularity_baseline,10,2,True
newcand_168,True,popularity_baseline,10,1,True
newcand_169,True,popularity_baseline,10,1,True
newcand_170,True,popularity_baseline,10,0,False
newcand_171,True,popularity_baseline,10,2,True
newcand_172,True,popularity_baseline,10,0,False
newcand_173,True,popularity_baseline,10,1,True
newcand_174,True,popularity_baseline,10,1,True
newcand_175,True,popularity_baseline,10,0,False
newcand_176,True,popularity_baseline,10,1,True
newcand_177,True,popularity_baseline,10,1,True
newcand_178,True,popularity_baseline,10,1,True
newcand_179,True,popularity_baseline,10,0,False
newcand_180,True,popularity_baseline,10,3,True
newcand_181,True,popularity_baseline,10,1,True
newcand_182,True,popularity_baseline,10,1,True
newcand_183,True,popularity_baseline,10,0,False
newcand_184,True,popularity_baseline,10,2,True
newcand_185,True,popularity_baseline,10,0,False
newcand_186,True,popularity_baseline,10,0,False
newcand_187,True,popularity_baseline,10,0,False
newcand_188,False,popularity_baseline,10,1,True
newcand_189,True,popularity_baseline,10,1,True
newcand_190,True,popularity_baseline,10,0,False
newcand_191,True,popularity_baseline,10,1,True
newcand_192,True,popularity_baseline,10,1,True
newcand_193,True,popularity_baseline,10,2,True
newcand_194,True,popularity_baseline,10,3,True
newcand_195,True,popularity_baseline,10,2,True
newcand_196,True,popularity_baseline,10,1,True
newcand_197,False,popularity_baseline,10,1,True
newcand_198,True,popularity_baseline,10,0,False
newcand_199,True,popularity_baseline,10,1,True
newcand_200,True,popularity_baseline,10,1,True
newcand_201,True,popularity_baseline,10,1,True
newcand_202,True,popularity_baseline,10,1,True
newcand_203,True,popularity_baseline,10,1,True
newcand_204,True,popularity_baseline,10,1,True
newcand_205,True,popularity_baseline,10,1,True
newcand_206,True,popularity_baseline,10,1,True
newcand_207,True,popularity_baseline,10,2,True
newcand_208,True,popularity_baseline,10,2,True
newcand_209,True,popularity_baseline,10,0,False
newcand_210,True,popularity_baseline,10,3,True
newcand_211,True,popularity_baseline,10,1,True
newcand_212,True,popularity_baseline,10,1,True
newcand_213,True,popularity_baseline,10,2,True
newcand_214,True,popularity_baseline,10,3,True
newcand_215,False,popularity_baseline,10,0,False
newcand_216,True,popularity_baseline,10,0,False
newcand_217,True,popularity_baseline,10,3,True
newcand_218,True,popularity_baseline,10,1,True
newcand_219,False,popularity_baseline,10,0,False
newcand_220,True,popularity_baseline,10,1,True
newcand_221,True,popularity_baseline,10,1,True
newcand_222,True,popularity_baseline,10,0,False
newcand_223,True,popularity_baseline,10,2,True
newcand_224,True,popularity_baseline,10,2,True
newcand_225,True,popularity_baseline,10,0,False
newcand_226,True,popularity_baseline,10,1,True
newcand_227,True,popularity_baseline,10,2,True
newcand_228,True,popularity_baseline,10,1,True
newcand_229,False,popularity_baseline,10,0,False
newcand_230,True,popularity_baseline,10,1,True
newcand_231,True,popularity_baseline,10,3,True
newcand_232,False,popularity_baseline,10,0,False
newcand_233,True,popularity_baseline,10,1,True
newcand_234,True,popularity_baseline,10,1,True
newcand_235,True,popularity_baseline,10,2,True
newcand_236,True,popularity_baseline,10,0,False
newcand_237,True,popularity_baseline,10,0,False
newcand_238,True,popularity_baseline,10,1,True
newcand_239,True,popularity_baseline,10,0,False
newcand_240,True,popularity_baseline,10,2,True
newcand_241,True,popularity_baseline,10,0,False
newcand_242,True,popularity_baseline,10,0,False
newcand_243,True,popularity_baseline,10,3,True
newcand_244,True,popularity_baseline,10,0,False
newcand_245,False,popularity_baseline,10,1,True
newcand_246,True,popularity_baseline,10,0,False
newcand_247,True,popularity_baseline,10,1,True
newcand_248,False,popularity_baseline,10,0,False
newcand_249,True,popularity_baseline,10,2,True
newcand_250,True,popularity_baseline,10,0,False
newcand_251,True,popularity_baseline,10,1,True
newcand_252,True,popularity_baseline,10,2,True
newcand_253,True,popularity_baseline,10,2,True
newcand_254,True,popularity_baseline,10,0,False
newcand_255,True,popularity_baseline,10,1,True
newcand_256,True,popularity_baseline,10,1,True
newcand_257,True,popularity_baseline,10,0,False
newcand_258,True,popularity_baseline,10,2,True
newcand_259,True,popularity_baseline,10,1,True
newcand_260,True,popularity_baseline,10,2,True
newcand_261,True,popularity_baseline,10,3,True
newcand_262,True,popularity_baseline,10,0,False
newcand_263,True,popularity_baseline,10,1,True
newcand_264,False,popularity_baseline,10,0,False
newcand_265,True,popularity_baseline,10,2,True
newcand_266,True,popularity_baseline,10,3,True
newcand_267,False,popularity_baseline,10,0,False
newcand_268,True,popularity_baseline,10,2,True
newcand_269,True,popularity_baseline,10,3,True
newcand_270,True,popularity_baseline,10,1,True
newcand_271,True,popularity_baseline,10,2,True
newcand_272,False,popularity_baseline,10,0,False
newcand_273,True,popularity_baseline,10,1,True
newcand_274,True,popularity_baseline,10,3,True
newcand_275,True,popularity_baseline,10,1,True
newcand_276,True,popularity_baseline,10,0,False
newcand_277,True,popularity_baseline,10,5,True
newcand_278,False,popularity_baseline,10,0,False
newcand_279,True,popularity_baseline,10,2,True
newcand_280,True,popularity_baseline,10,1,True
newcand_281,True,popularity_baseline,10,1,True
newcand_282,True,popularity_baseline,10,2,True
newcand_283,True,popularity_baseline,10,0,False
newcand_284,False,popularity_baseline,10,0,False
newcand_285,True,popularity_baseline,10,1,True
newcand_286,True,popularity_baseline,10,2,True
newcand_287,True,popularity_baseline,10,1,True
newcand_288,True,popularity_baseline,10,1,True
newcand_289,True,popularity_baseline,10,0,False
newcand_290,True,popularity_baseline,10,1,True
newcand_291,True,popularity_baseline,10,0,False
newcand_292,False,popularity_baseline,10,0,False
newcand_293,True,popularity_baseline,10,2,True
newcand_294,True,popularity_baseline,10,2,True
newcand_295,True,popularity_baseline,10,1,True
newcand_296,True,popularity_baseline,10,3,True
newcand_297,True,popularity_baseline,10,2,True
newcand_298,False,popularity_baseline,10,0,False
newcand_299,True,popularity_baseline,10,1,True
newcand_300,True,popularity_baseline,10,0,False
newcand_301,True,popularity_baseline,10,1,True
newcand_302,True,popularity_baseline,10,0,False
newcand_303,True,popularity_baseline,10,2,True
newcand_304,True,popularity_baseline,10,1,True
newcand_305,True,popularity_baseline,10,0,False
newcand_306,False,popularity_baseline,10,0,False
newcand_307,True,popularity_baseline,10,0,False
newcand_308,True,popularity_baseline,10,1,True
newcand_309,True,popularity_baseline,10,0,False
newcand_310,True,popularity_baseline,10,2,True
newcand_311,True,popularity_baseline,10,1,True
newcand_312,False,popularity_baseline,10,0,False
newcand_313,True,popularity_baseline,10,0,False
newcand_314,False,popularity_baseline,10,1,True
newcand_315,True,popularity_baseline,10,0,False
newcand_316,True,popularity_baseline,10,1,True
newcand_317,True,popularity_baseline,10,1,True
newcand_318,True,popularity_baseline,10,2,True
newcand_319,True,popularity_baseline,10,0,False
newcand_320,True,popularity_baseline,10,0,False
newcand_321,True,popularity_baseline,10,1,True
newcand_322,True,popularity_baseline,10,3,True
newcand_323,True,popularity_baseline,10,1,True
newcand_324,True,popularity_baseline,10,1,True
newcand_325,True,popularity_baseline,10,1,True
newcand_326,True,popularity_baseline,10,1,True
newcand_327,True,popularity_baseline,10,1,True
newcand_328,True,popularity_baseline,10,2,True
newcand_329,True,popularity_baseline,10,0,False
newcand_330,True,popularity_baseline,10,0,False
newcand_331,True,popularity_baseline,10,2,True
newcand_332,False,popularity_baseline,10,0,False
newcand_333,True,popularity_baseline,10,1,True
newcand_334,True,popularity_baseline,10,0,False
newcand_335,True,popularity_baseline,10,1,True
newcand_336,True,popularity_baseline,10,2,True
newcand_337,True,popularity_baseline,10,1,True
newcand_338,True,popularity_baseline,10,0,False
newcand_339,True,popularity_baseline,10,1,True
newcand_340,True,popularity_baseline,10,0,False
newcand_341,True,popularity_baseline,10,0,False
newcand_342,True,popularity_baseline,10,3,True
newcand_343,True,popularity_baseline,10,0,False
newcand_344,True,popularity_baseline,10,3,True
newcand_345,True,popularity_baseline,10,1,True
newcand_346,True,popularity_baseline,10,1,True
newcand_347,True,popularity_baseline,10,1,True
newcand_348,False,popularity_baseline,10,0,False
newcand_349,True,popularity_baseline,10,0,False
newcand_350,True,popularity_baseline,10,1,True
newcand_351,True,popularity_baseline,10,3,True
newcand_352,True,popularity_baseline,10,1,True
newcand_353,True,popularity_baseline,10,1,True
newcand_354,True,popularity_baseline,10,0,False
newcand_355,True,popularity_baseline,10,0,False
newcand_356,True,popularity_baseline,10,1,True
newcand_357,True,popularity_baseline,10,2,True
newcand_358,True,popularity_baseline,10,2,True
newcand_359,True,popularity_baseline,10,3,True
newcand_360,True,popularity_baseline,10,3,True
newcand_361,True,popularity_baseline,10,2,True
newcand_362,True,popularity_baseline,10,1,True
newcand_363,True,popularity_baseline,10,1,True
newcand_364,False,popularity_baseline,10,0,False
newcand_365,True,popularity_baseline,10,1,True
newcand_366,True,popularity_baseline,10,1,True
newcand_367,True,popularity_baseline,10,2,True
newcand_368,True,popularity_baseline,10,1,True
newcand_369,True,popularity_baseline,10,2,True
newcand_370,True,popularity_baseline,10,4,True
newcand_371,True,popularity_baseline,10,1,True
newcand_372,True,popularity_baseline,10,0,False
newcand_373,True,popularity_baseline,10,1,True
newcand_374,True,popularity_baseline,10,1,True
newcand_375,True,popularity_baseline,10,1,True
newcand_376,True,popularity_baseline,10,0,False
newcand_377,False,popularity_baseline,10,0,False
newcand_378,True,popularity_baseline,10,0,False
newcand_379,True,popularity_baseline,10,4,True
newcand_380,True,popularity_baseline,10,1,True
newcand_381,True,popularity_baseline,10,5,True
newcand_382,True,popularity_baseline,10,0,False
newcand_383,True,popularity_baseline,10,0,False
newcand_384,False,popularity_baseline,10,0,False
newcand_385,True,popularity_baseline,10,1,True
newcand_386,True,popularity_baseline,10,2,True
newcand_387,True,popularity_baseline,10,0,False
newcand_388,True,popularity_baseline,10,1,True
newcand_389,True,popularity_baseline,10,1,True
newcand_390,True,popularity_baseline,10,2,True
newcand_391,True,popularity_baseline,10,2,True
newcand_392,True,popularity_baseline,10,3,True
newcand_393,True,popularity_baseline,10,1,True
newcand_394,True,popularity_baseline,10,1,True
newcand_395,True,popularity_baseline,10,1,True
newcand_396,True,popularity_baseline,10,1,True
newcand_397,True,popularity_baseline,10,3,True
newcand_398,True,popularity_baseline,10,0,False
newcand_399,True,popularity_baseline,10,1,True
newcand_400,True,popularity_baseline,10,1,True
newcand_401,True,popularity_baseline,10,0,False
newcand_402,True,popularity_baseline,10,2,True
newcand_403,True,popularity_baseline,10,3,True
newcand_404,True,popularity_baseline,10,0,False
newcand_405,False,popularity_baseline,10,0,False
newcand_406,True,popularity_baseline,10,0,False
newcand_407,True,popularity_baseline,10,2,True
newcand_408,True,popularity_baseline,10,1,True
newcand_409,True,popularity_baseline,10,1,True
newcand_410,True,popularity_baseline,10,1,True
newcand_411,True,popularity_baseline,10,1,True
newcand_412,True,popularity_baseline,10,3,True
newcand_413,True,popularity_baseline,10,3,True
newcand_414,True,popularity_baseline,10,0,False
newcand_415,True,popularity_baseline,10,0,False
newcand_416,True,popularity_baseline,10,1,True
newcand_417,True,popularity_baseline,10,1,True
newcand_418,True,popularity_baseline,10,1,True
newcand_419,True,popularity_baseline,10,4,True
newcand_420,True,popularity_baseline,10,2,True
newcand_421,True,popularity_baseline,10,2,True
newcand_422,True,popularity_baseline,10,2,True
newcand_423,False,popularity_baseline,10,1,True
newcand_424,True,popularity_baseline,10,1,True
newcand_425,True,popularity_baseline,10,1,True
newcand_426,True,popularity_baseline,10,0,False
newcand_427,True,popularity_baseline,10,2,True
newcand_428,True,popularity_baseline,10,0,False
newcand_429,True,popularity_baseline,10,1,True
newcand_430,True,popularity_baseline,10,0,False
newcand_431,True,popularity_baseline,10,2,True
newcand_432,True,popularity_baseline,10,0,False
newcand_433,True,popularity_baseline,10,0,False
newcand_434,False,popularity_baseline,10,1,True
newcand_435,True,popularity_baseline,10,0,False
newcand_436,True,popularity_baseline,10,0,False
newcand_437,True,popularity_baseline,10,2,True
newcand_438,True,popularity_baseline,10,2,True
newcand_439,True,popularity_baseline,10,2,True
newcand_440,True,popularity_baseline,10,0,False
newcand_441,True,popularity_baseline,10,2,True
newcand_442,True,popularity_baseline,10,0,False
newcand_443,True,popularity_baseline,10,2,True
newcand_444,True,popularity_baseline,10,1,True
newcand_445,True,popularity_baseline,10,0,False
newcand_446,True,popularity_baseline,10,0,False
newcand_447,True,popularity_baseline,10,1,True
newcand_448,True,popularity_baseline,10,1,True
newcand_449,True,popularity_baseline,10,0,False
newcand_450,True,popularity_baseline,10,3,True
newcand_451,True,popularity_baseline,10,2,True
newcand_452,True,popularity_baseline,10,3,True
newcand_453,True,popularity_baseline,10,0,False
newcand_454,True,popularity_baseline,10,2,True
newcand_455,True,popularity_baseline,10,2,True
newcand_456,False,popularity_baseline,10,0,False
newcand_457,True,popularity_baseline,10,2,True
newcand_458,True,popularity_baseline,10,1,True
newcand_459,True,popularity_baseline,10,2,True
newcand_460,True,popularity_baseline,10,0,False
newcand_461,True,popularity_baseline,10,1,True
newcand_462,True,popularity_baseline,10,2,True
newcand_463,True,popularity_baseline,10,1,True
newcand_464,True,popularity_baseline,10,1,True
newcand_465,True,popularity_baseline,10,2,True
newcand_466,True,popularity_baseline,10,1,True
newcand_467,True,popularity_baseline,10,2,True
newcand_468,True,popularity_baseline,10,0,False
newcand_469,True,popularity_baseline,10,0,False
newcand_470,False,popularity_baseline,10,1,True
newcand_471,True,popularity_baseline,10,2,True
newcand_472,True,popularity_baseline,10,0,False
newcand_473,True,popularity_baseline,10,1,True
newcand_474,True,popularity_baseline,10,1,True
newcand_475,True,popularity_baseline,10,1,True
newcand_476,True,popularity_baseline,10,0,False
newcand_477,False,popularity_baseline,10,1,True
newcand_478,True,popularity_baseline,10,2,True
newcand_479,True,popularity_baseline,10,1,True
newcand_480,True,popularity_baseline,10,2,True
newcand_481,True,popularity_baseline,10,0,False
newcand_482,False,popularity_baseline,10,0,False
newcand_483,True,popularity_baseline,10,2,True
newcand_484,True,popularity_baseline,10,0,False
newcand_485,True,popularity_baseline,10,1,True
newcand_486,True,popularity_baseline,10,1,True
newcand_487,True,popularity_baseline,10,1,True
newcand_488,True,popularity_baseline,10,1,True
newcand_489,True,popularity_baseline,10,1,True
newcand_490,True,popularity_baseline,10,0,False
newcand_491,True,popularity_baseline,10,2,True
newcand_492,True,popularity_baseline,10,2,True
newcand_493,True,popularity_baseline,10,0,False
newcand_494,True,popularity_baseline,10,0,False
newcand_495,True,popularity_baseline,10,1,True
newcand_496,True,popularity_baseline,10,1,True
newcand_497,True,popularity_baseline,10,1,True
newcand_498,True,popularity_baseline,10,1,True
newcand_499,True,popularity_baseline,10,1,True
newcand_500,True,popularity_baseline,10,0,False
newcand_501,False,popularity_baseline,10,2,True
newcand_502,True,popularity_baseline,10,3,True
newcand_503,True,popularity_baseline,10,0,False
newcand_504,True,popularity_baseline,10,0,False
newcand_505,True,popularity_baseline,10,2,True
newcand_506,False,popularity_baseline,10,0,False
newcand_507,True,popularity_baseline,10,2,True
newcand_508,True,popularity_baseline,10,1,True
newcand_509,True,popularity_baseline,10,0,False
newcand_510,True,popularity_baseline,10,3,True
newcand_511,True,popularity_baseline,10,2,True
newcand_512,True,popularity_baseline,10,1,True
newcand_513,True,popularity_baseline,10,1,True
newcand_514,True,popularity_baseline,10,1,True
newcand_515,True,popularity_baseline,10,0,False
newcand_516,True,popularity_baseline,10,2,True
newcand_517,True,popularity_baseline,10,2,True
newcand_518,True,popularity_baseline,10,3,True
newcand_519,True,popularity_baseline,10,1,True
newcand_520,True,popularity_baseline,10,1,True
newcand_521,False,popularity_baseline,10,0,False
newcand_522,True,popularity_baseline,10,3,True
newcand_523,True,popularity_baseline,10,1,True
newcand_524,True,popularity_baseline,10,1,True
newcand_525,False,popularity_baseline,10,1,True
newcand_526,True,popularity_baseline,10,3,True
newcand_527,True,popularity_baseline,10,4,True
newcand_528,True,popularity_baseline,10,0,False
newcand_529,False,popularity_baseline,10,0,False
newcand_530,True,popularity_baseline,10,0,False
newcand_531,True,popularity_baseline,10,0,False
newcand_532,True,popularity_baseline,10,0,False
newcand_533,True,popularity_baseline,10,2,True
newcand_534,False,popularity_baseline,10,0,False
newcand_535,True,popularity_baseline,10,1,True
newcand_536,True,popularity_baseline,10,2,True
newcand_537,True,popularity_baseline,10,0,False
newcand_538,True,popularity_baseline,10,1,True
newcand_539,True,popularity_baseline,10,2,True
newcand_540,True,popularity_baseline,10,1,True
newcand_541,True,popularity_baseline,10,2,True
newcand_542,True,popularity_baseline,10,0,False
newcand_543,True,popularity_baseline,10,1,True
newcand_544,True,popularity_baseline,10,0,False
newcand_545,True,popularity_baseline,10,2,True
newcand_546,True,popularity_baseline,10,0,False
newcand_547,True,popularity_baseline,10,0,False
newcand_548,False,popularity_baseline,10,0,False
newcand_549,True,popularity_baseline,10,0,False
newcand_550,True,popularity_baseline,10,1,True
newcand_551,True,popularity_baseline,10,0,False
newcand_552,False,popularity_baseline,10,1,True
newcand_553,True,popularity_baseline,10,2,True
newcand_554,False,popularity_baseline,10,0,False
newcand_555,True,popularity_baseline,10,1,True
newcand_556,True,popularity_baseline,10,0,False
newcand_557,True,popularity_baseline,10,0,False
newcand_558,True,popularity_baseline,10,0,False
newcand_559,True,popularity_baseline,10,0,False
newcand_560,True,popularity_baseline,10,2,True
newcand_561,True,popularity_baseline,10,3,True
newcand_562,True,popularity_baseline,10,3,True
newcand_563,True,popularity_baseline,10,2,True
newcand_564,False,popularity_baseline,10,0,False
newcand_565,False,popularity_baseline,10,0,False
newcand_566,True,popularity_baseline,10,2,True
newcand_567,True,popularity_baseline,10,0,False
newcand_568,True,popularity_baseline,10,0,False
newcand_569,True,popularity_baseline,10,0,False
newcand_570,True,popularity_baseline,10,2,True
newcand_571,True,popularity_baseline,10,1,True
newcand_572,False,popularity_baseline,10,0,False
newcand_573,True,popularity_baseline,10,1,True
newcand_574,True,popularity_baseline,10,1,True
newcand_575,True,popularity_baseline,10,3,True
newcand_576,True,popularity_baseline,10,0,False
newcand_577,True,popularity_baseline,10,4,True
newcand_578,True,popularity_baseline,10,4,True
newcand_579,True,popularity_baseline,10,3,True
newcand_580,True,popularity_baseline,10,0,False
newcand_581,True,popularity_baseline,10,0,False
newcand_582,True,popularity_baseline,10,1,True
newcand_583,True,popularity_baseline,10,0,False
newcand_584,True,popularity_baseline,10,1,True
newcand_585,True,popularity_baseline,10,1,True
newcand_586,False,popularity_baseline,10,0,False
newcand_587,True,popularity_baseline,10,2,True
newcand_588,True,popularity_baseline,10,1,True
newcand_589,True,popularity_baseline,10,3,True
newcand_590,True,popularity_baseline,10,1,True
newcand_591,True,popularity_baseline,10,0,False
newcand_592,True,popularity_baseline,10,0,False
newcand_593,True,popularity_baseline,10,0,False
newcand_594,False,popularity_baseline,10,0,False
newcand_595,True,popularity_baseline,10,3,True
newcand_596,True,popularity_baseline,10,0,False
newcand_597,True,popularity_baseline,10,2,True
newcand_598,True,popularity_baseline,10,1,True
newcand_599,True,popularity_baseline,10,1,True
newcand_600,True,popularity_baseline,10,1,True
newcand_601,True,popularity_baseline,10,0,False
newcand_602,True,popularity_baseline,10,1,True
newcand_603,True,popularity_baseline,10,0,False
newcand_604,True,popularity_baseline,10,2,True
newcand_605,True,popularity_baseline,10,3,True
newcand_606,True,popularity_baseline,10,2,True
newcand_607,True,popularity_baseline,10,0,False
newcand_608,True,popularity_baseline,10,0,False
newcand_609,True,popularity_baseline,10,0,False
newcand_610,True,popularity_baseline,10,1,True
newcand_611,True,popularity_baseline,10,0,False
newcand_612,False,popularity_baseline,10,0,False
newcand_613,False,popularity_baseline,10,1,True
newcand_614,True,popularity_baseline,10,0,False
newcand_615,True,popularity_baseline,10,2,True
newcand_616,True,popularity_baseline,10,0,False
newcand_617,True,popularity_baseline,10,1,True
newcand_618,False,popularity_baseline,10,0,False
newcand_619,True,popularity_baseline,10,2,True
newcand_620,True,popularity_baseline,10,0,False
newcand_621,False,popularity_baseline,10,0,False
newcand_622,True,popularity_baseline,10,1,True
newcand_623,True,popularity_baseline,10,1,True
newcand_624,True,popularity_baseline,10,2,True
newcand_625,True,popularity_baseline,10,2,True
newcand_626,True,popularity_baseline,10,1,True
newcand_627,True,popularity_baseline,10,2,True
newcand_628,True,popularity_baseline,10,1,True
newcand_629,True,popularity_baseline,10,4,True
newcand_630,True,popularity_baseline,10,2,True
newcand_631,True,popularity_baseline,10,2,True
newcand_632,False,popularity_baseline,10,1,True
newcand_633,True,popularity_baseline,10,1,True
newcand_634,True,popularity_baseline,10,1,True
newcand_635,True,popularity_baseline,10,3,True
newcand_636,True,popularity_baseline,10,1,True
newcand_637,True,popularity_baseline,10,3,True
newcand_638,True,popularity_baseline,10,1,True
newcand_639,True,popularity_baseline,10,5,True
newcand_640,False,popularity_baseline,10,1,True
newcand_641,True,popularity_baseline,10,2,True
newcand_642,True,popularity_baseline,10,1,True
newcand_643,True,popularity_baseline,10,0,False
newcand_644,True,popularity_baseline,10,3,True
newcand_645,True,popularity_baseline,10,0,False
newcand_646,True,popularity_baseline,10,0,False
newcand_647,True,popularity_baseline,10,3,True
newcand_648,True,popularity_baseline,10,1,True
newcand_649,True,popularity_baseline,10,2,True
newcand_650,False,popularity_baseline,10,3,True
newcand_651,True,popularity_baseline,10,2,True
newcand_652,True,popularity_baseline,10,1,True
newcand_653,True,popularity_baseline,10,1,True
newcand_654,True,popularity_baseline,10,0,False
newcand_655,True,popularity_baseline,10,1,True
newcand_656,True,popularity_baseline,10,0,False
newcand_657,True,popularity_baseline,10,2,True
newcand_658,True,popularity_baseline,10,2,True
newcand_659,True,popularity_baseline,10,0,False
newcand_660,True,popularity_baseline,10,2,True
newcand_661,True,popularity_baseline,10,4,True
newcand_662,True,popularity_baseline,10,1,True
newcand_663,True,popularity_baseline,10,4,True
newcand_664,True,popularity_baseline,10,0,False
newcand_665,True,popularity_baseline,10,0,False
newcand_666,True,popularity_baseline,10,1,True
newcand_667,True,popularity_baseline,10,0,False
newcand_668,True,popularity_baseline,10,1,True
newcand_669,True,popularity_baseline,10,1,True
newcand_670,True,popularity_baseline,10,2,True
newcand_671,True,popularity_baseline,10,3,True
newcand_672,True,popularity_baseline,10,0,False
newcand_673,True,popularity_baseline,10,1,True
newcand_674,True,popularity_baseline,10,0,False
newcand_675,True,popularity_baseline,10,1,True
newcand_676,True,popularity_baseline,10,0,False
newcand_677,True,popularity_baseline,10,1,True
newcand_678,True,popularity_baseline,10,2,True
newcand_679,True,popularity_baseline,10,5,True
newcand_680,False,popularity_baseline,10,3,True
newcand_681,True,popularity_baseline,10,2,True
newcand_682,True,popularity_baseline,10,1,True
newcand_683,True,popularity_baseline,10,1,True
newcand_684,True,popularity_baseline,10,2,True
newcand_685,True,popularity_baseline,10,1,True
newcand_686,True,popularity_baseline,10,1,True
newcand_687,True,popularity_baseline,10,1,True
newcand_688,True,popularity_baseline,10,2,True
newcand_689,True,popularity_baseline,10,1,True
newcand_690,True,popularity_baseline,10,1,True
newcand_691,True,popularity_baseline,10,1,True
newcand_692,True,popularity_baseline,10,0,False
newcand_693,True,popularity_baseline,10,2,True
newcand_694,True,popularity_baseline,10,0,False
newcand_695,True,popularity_baseline,10,1,True
newcand_696,True,popularity_baseline,10,1,True
newcand_697,True,popularity_baseline,10,1,True
newcand_698,True,popularity_baseline,10,0,False
newcand_699,True,popularity_baseline,10,0,False
newcand_700,True,popularity_baseline,10,1,True
newcand_701,True,popularity_baseline,10,0,False
newcand_702,True,popularity_baseline,10,2,True
newcand_703,True,popularity_baseline,10,0,False
newcand_704,True,popularity_baseline,10,1,True
newcand_705,True,popularity_baseline,10,1,True
newcand_706,True,popularity_baseline,10,0,False
newcand_707,True,popularity_baseline,10,0,False
newcand_708,True,popularity_baseline,10,3,True
newcand_709,False,popularity_baseline,10,0,False
newcand_710,False,popularity_baseline,10,0,False
newcand_711,True,popularity_baseline,10,0,False
newcand_712,True,popularity_baseline,10,1,True
newcand_713,True,popularity_baseline,10,1,True
newcand_714,True,popularity_baseline,10,1,True
newcand_715,True,popularity_baseline,10,2,True
newcand_716,True,popularity_baseline,10,3,True
newcand_717,True,popularity_baseline,10,5,True
newcand_718,True,popularity_baseline,10,0,False
newcand_719,True,popularity_baseline,10,1,True
newcand_720,False,popularity_baseline,10,0,False
newcand_721,True,popularity_baseline,10,1,True
newcand_722,True,popularity_baseline,10,2,True
newcand_723,True,popularity_baseline,10,2,True
newcand_724,True,popularity_baseline,10,3,True
newcand_725,True,popularity_baseline,10,1,True
newcand_726,True,popularity_baseline,10,2,True
newcand_727,True,popularity_baseline,10,2,True
newcand_728,False,popularity_baseline,10,1,True
newcand_729,True,popularity_baseline,10,3,True
newcand_730,True,popularity_baseline,10,2,True
newcand_731,True,popularity_baseline,10,1,True
newcand_732,True,popularity_baseline,10,1,True
newcand_733,False,popularity_baseline,10,1,True
newcand_734,True,popularity_baseline,10,2,True
newcand_735,True,popularity_baseline,10,0,False
newcand_736,True,popularity_baseline,10,3,True
newcand_737,True,popularity_baseline,10,0,False
newcand_738,True,popularity_baseline,10,0,False
newcand_739,True,popularity_baseline,10,2,True
newcand_740,True,popularity_baseline,10,0,False
newcand_741,True,popularity_baseline,10,2,True
newcand_742,True,popularity_baseline,10,2,True
newcand_743,True,popularity_baseline,10,2,True
newcand_744,True,popularity_baseline,10,1,True
newcand_745,True,popularity_baseline,10,1,True
newcand_746,True,popularity_baseline,10,2,True
newcand_747,True,popularity_baseline,10,3,True
newcand_748,True,popularity_baseline,10,2,True
newcand_749,True,popularity_baseline,10,0,False
newcand_750,True,popularity_baseline,10,2,True
newcand_751,True,popularity_baseline,10,2,True
newcand_752,True,popularity_baseline,10,1,True
newcand_753,True,popularity_baseline,10,4,True
newcand_754,True,popularity_baseline,10,1,True
newcand_755,True,popularity_baseline,10,0,False
newcand_756,True,popularity_baseline,10,2,True
newcand_757,True,popularity_baseline,10,1,True
newcand_758,True,popularity_baseline,10,3,True
newcand_759,True,popularity_baseline,10,3,True
newcand_760,True,popularity_baseline,10,0,False
newcand_761,True,popularity_baseline,10,1,True
newcand_762,True,popularity_baseline,10,1,True
newcand_763,True,popularity_baseline,10,2,True
newcand_764,True,popularity_baseline,10,1,True
newcand_765,True,popularity_baseline,10,1,True
newcand_766,True,popularity_baseline,10,2,True
newcand_767,True,popularity_baseline,10,0,False
newcand_768,True,popularity_baseline,10,3,True
newcand_769,True,popularity_baseline,10,3,True
newcand_770,True,popularity_baseline,10,0,False
newcand_771,True,popularity_baseline,10,0,False
newcand_772,True,popularity_baseline,10,0,False
newcand_773,True,popularity_baseline,10,0,False
newcand_774,False,popularity_baseline,10,1,True
newcand_775,True,popularity_baseline,10,2,True
newcand_776,False,popularity_baseline,10,3,True
newcand_777,True,popularity_baseline,10,2,True
newcand_778,True,popularity_baseline,10,0,False
newcand_779,True,popularity_baseline,10,1,True
newcand_780,True,popularity_baseline,10,3,True
newcand_781,True,popularity_baseline,10,2,True
newcand_782,True,popularity_baseline,10,0,False
newcand_783,True,popularity_baseline,10,0,False
newcand_784,True,popularity_baseline,10,1,True
newcand_785,True,popularity_baseline,10,1,True
newcand_786,False,popularity_baseline,10,0,False
newcand_787,True,popularity_baseline,10,1,True
newcand_788,True,popularity_baseline,10,0,False
newcand_789,True,popularity_baseline,10,1,True
newcand_790,True,popularity_baseline,10,1,True
newcand_791,True,popularity_baseline,10,0,False
newcand_792,True,popularity_baseline,10,1,True
newcand_793,True,popularity_baseline,10,0,False
newcand_794,False,popularity_baseline,10,0,False
newcand_795,False,popularity_baseline,10,3,True
newcand_796,True,popularity_baseline,10,1,True
newcand_797,True,popularity_baseline,10,2,True
newcand_798,True,popularity_baseline,10,2,True
newcand_799,True,popularity_baseline,10,3,True
newcand_800,True,popularity_baseline,10,1,True
newcand_801,True,popularity_baseline,10,0,False
newcand_802,True,popularity_baseline,10,0,False
newcand_803,True,popularity_baseline,10,0,False
newcand_804,True,popularity_baseline,10,3,True
newcand_805,True,popularity_baseline,10,1,True
newcand_806,True,popularity_baseline,10,2,True
newcand_807,True,popularity_baseline,10,1,True
newcand_808,True,popularity_baseline,10,0,False
newcand_809,True,popularity_baseline,10,1,True
newcand_810,True,popularity_baseline,10,2,True
newcand_811,True,popularity_baseline,10,1,True
newcand_812,True,popularity_baseline,10,1,True
newcand_813,True,popularity_baseline,10,1,True
newcand_814,True,popularity_baseline,10,0,False
newcand_815,True,popularity_baseline,10,2,True
newcand_816,True,popularity_baseline,10,2,True
newcand_817,True,popularity_baseline,10,2,True
newcand_818,True,popularity_baseline,10,1,True
newcand_819,True,popularity_baseline,10,1,True
newcand_820,True,popularity_baseline,10,1,True
newcand_821,True,popularity_baseline,10,0,False
newcand_822,False,popularity_baseline,10,0,False
newcand_823,True,popularity_baseline,10,0,False
newcand_824,True,popularity_baseline,10,0,False
newcand_825,True,popularity_baseline,10,1,True
newcand_826,True,popularity_baseline,10,3,True
newcand_827,True,popularity_baseline,10,3,True
newcand_828,True,popularity_baseline,10,0,False
newcand_829,True,popularity_baseline,10,1,True
newcand_830,True,popularity_baseline,10,5,True
newcand_831,True,popularity_baseline,10,1,True
newcand_832,True,popularity_baseline,10,1,True
newcand_833,True,popularity_baseline,10,3,True
newcand_834,True,popularity_baseline,10,3,True
newcand_835,True,popularity_baseline,10,0,False
newcand_836,False,popularity_baseline,10,2,True
newcand_837,True,popularity_baseline,10,3,True
newcand_838,True,popularity_baseline,10,0,False
newcand_839,False,popularity_baseline,10,0,False
newcand_840,True,popularity_baseline,10,3,True
newcand_841,False,popularity_baseline,10,1,True
newcand_842,True,popularity_baseline,10,0,False
newcand_843,True,popularity_baseline,10,1,True
newcand_844,True,popularity_baseline,10,2,True
newcand_845,True,popularity_baseline,10,0,False
newcand_846,True,popularity_baseline,10,2,True
newcand_847,True,popularity_baseline,10,3,True
newcand_848,True,popularity_baseline,10,1,True
newcand_849,False,popularity_baseline,10,0,False
newcand_850,False,popularity_baseline,10,1,True
newcand_851,True,popularity_baseline,10,2,True
newcand_852,True,popularity_baseline,10,0,False
newcand_853,False,popularity_baseline,10,0,False
newcand_854,True,popularity_baseline,10,2,True
newcand_855,True,popularity_baseline,10,0,False
newcand_856,True,popularity_baseline,10,1,True
newcand_857,True,popularity_baseline,10,2,True
newcand_858,True,popularity_baseline,10,0,False
newcand_859,True,popularity_baseline,10,1,True
newcand_860,True,popularity_baseline,10,1,True
newcand_861,True,popularity_baseline,10,1,True
newcand_862,True,popularity_baseline,10,1,True
newcand_863,True,popularity_baseline,10,3,True
newcand_864,True,popularity_baseline,10,1,True
newcand_865,False,popularity_baseline,10,1,True
newcand_866,True,popularity_baseline,10,1,True
newcand_867,True,popularity_baseline,10,2,True
newcand_868,True,popularity_baseline,10,2,True
newcand_869,True,popularity_baseline,10,0,False
newcand_870,True,popularity_baseline,10,0,False
newcand_871,True,popularity_baseline,10,0,False
newcand_872,True,popularity_baseline,10,1,True
newcand_873,True,popularity_baseline,10,2,True
newcand_874,True,popularity_baseline,10,2,True
newcand_875,True,popularity_baseline,10,1,True
newcand_876,True,popularity_baseline,10,1,True
newcand_877,True,popularity_baseline,10,1,True
newcand_878,True,popularity_baseline,10,0,False
newcand_879,True,popularity_baseline,10,0,False
newcand_880,True,popularity_baseline,10,0,False
newcand_881,True,popularity_baseline,10,0,False
newcand_882,True,popularity_baseline,10,1,True
newcand_883,True,popularity_baseline,10,1,True
newcand_884,True,popularity_baseline,10,1,True
newcand_885,True,popularity_baseline,10,0,False
newcand_886,True,popularity_baseline,10,2,True
newcand_887,True,popularity_baseline,10,2,True
newcand_888,True,popularity_baseline,10,2,True
newcand_889,True,popularity_baseline,10,1,True
newcand_890,True,popularity_baseline,10,0,False
newcand_891,True,popularity_baseline,10,4,True
newcand_892,True,popularity_baseline,10,0,False
newcand_893,True,popularity_baseline,10,0,False
newcand_894,True,popularity_baseline,10,1,True
newcand_895,True,popularity_baseline,10,1,True
newcand_896,True,popularity_baseline,10,1,True
newcand_897,True,popularity_baseline,10,0,False
newcand_898,True,popularity_baseline,10,1,True
newcand_899,True,popularity_baseline,10,1,True
newcand_900,True,popularity_baseline,10,1,True
newcand_901,True,popularity_baseline,10,2,True
newcand_902,True,popularity_baseline,10,2,True
newcand_903,True,popularity_baseline,10,4,True
newcand_904,True,popularity_baseline,10,0,False
newcand_905,True,popularity_baseline,10,0,False
newcand_906,True,popularity_baseline,10,1,True
newcand_907,True,popularity_baseline,10,1,True
newcand_908,True,popularity_baseline,10,0,False
newcand_909,True,popularity_baseline,10,2,True
newcand_910,True,popularity_baseline,10,1,True
newcand_911,True,popularity_baseline,10,0,False
newcand_912,True,popularity_baseline,10,1,True
newcand_913,True,popularity_baseline,10,1,True
newcand_914,True,popularity_baseline,10,2,True
newcand_915,True,popularity_baseline,10,3,True
newcand_916,True,popularity_baseline,10,1,True
newcand_917,True,popularity_baseline,10,0,False
newcand_918,True,popularity_baseline,10,1,True
newcand_919,True,popularity_baseline,10,2,True
newcand_920,True,popularity_baseline,10,2,True
newcand_921,True,popularity_baseline,10,1,True
newcand_922,True,popularity_baseline,10,1,True
newcand_923,True,popularity_baseline,10,3,True
newcand_924,True,popularity_baseline,10,2,True
newcand_925,True,popularity_baseline,10,2,True
newcand_926,True,popularity_baseline,10,2,True
newcand_927,True,popularity_baseline,10,1,True
newcand_928,True,popularity_baseline,10,2,True
newcand_929,False,popularity_baseline,10,0,False
newcand_930,True,popularity_baseline,10,0,False
newcand_931,True,popularity_baseline,10,2,True
newcand_932,True,popularity_baseline,10,2,True
newcand_933,True,popularity_baseline,10,1,True
newcand_934,False,popularity_baseline,10,0,False
newcand_935,True,popularity_baseline,10,4,True
newcand_936,True,popularity_baseline,10,1,True
newcand_937,True,popularity_baseline,10,3,True
newcand_938,True,popularity_baseline,10,0,False
newcand_939,True,popularity_baseline,10,2,True
newcand_940,True,popularity_baseline,10,1,True
newcand_941,True,popularity_baseline,10,1,True
newcand_942,True,popularity_baseline,10,2,True
newcand_943,True,popularity_baseline,10,0,False
newcand_944,True,popularity_baseline,10,2,True
newcand_945,True,popularity_baseline,10,1,True
newcand_946,True,popularity_baseline,10,0,False
newcand_947,True,popularity_baseline,10,0,False
newcand_948,True,popularity_baseline,10,1,True
newcand_949,True,popularity_baseline,10,1,True
newcand_950,True,popularity_baseline,10,1,True
newcand_951,True,popularity_baseline,10,2,True
newcand_952,True,popularity_baseline,10,1,True
newcand_953,True,popularity_baseline,10,2,True
newcand_954,True,popularity_baseline,10,3,True
newcand_955,True,popularity_baseline,10,1,True
newcand_956,True,popularity_baseline,10,1,True
newcand_957,True,popularity_baseline,10,0,False
newcand_958,True,popularity_baseline,10,2,True
newcand_959,True,popularity_baseline,10,3,True
newcand_960,True,popularity_baseline,10,0,False
newcand_961,True,popularity_baseline,10,1,True
newcand_962,True,popularity_baseline,10,1,True
newcand_963,True,popularity_baseline,10,3,True
newcand_964,True,popularity_baseline,10,1,True
newcand_965,True,popularity_baseline,10,2,True
newcand_966,True,popularity_baseline,10,0,False
newcand_967,True,popularity_baseline,10,0,False
newcand_968,True,popularity_baseline,10,2,True
newcand_969,True,popularity_baseline,10,1,True
newcand_970,True,popularity_baseline,10,1,True
newcand_971,True,popularity_baseline,10,2,True
newcand_972,True,popularity_baseline,10,1,True
newcand_973,True,popularity_baseline,10,2,True
newcand_974,True,popularity_baseline,10,1,True
newcand_975,True,popularity_baseline,10,1,True
newcand_976,True,popularity_baseline,10,1,True
newcand_977,False,popularity_baseline,10,0,False
newcand_978,True,popularity_baseline,10,1,True
newcand_979,True,popularity_baseline,10,0,False
newcand_980,True,popularity_baseline,10,0,False
newcand_981,False,popularity_baseline,10,0,False
newcand_982,True,popularity_baseline,10,1,True
newcand_983,True,popularity_baseline,10,1,True
newcand_984,True,popularity_baseline,10,3,True
newcand_985,True,popularity_baseline,10,0,False
newcand_986,True,popularity_baseline,10,1,True
newcand_987,True,popularity_baseline,10,2,True
newcand_988,True,popularity_baseline,10,2,True
newcand_989,True,popularity_baseline,10,0,False
newcand_990,True,popularity_baseline,10,2,True
newcand_991,True,popularity_baseline,10,2,True
newcand_992,True,popularity_baseline,10,1,True
newcand_993,True,popularity_baseline,10,0,False
newcand_994,True,popularity_baseline,10,0,False
newcand_995,False,popularity_baseline,10,0,False
newcand_996,True,popularity_baseline,10,1,True
newcand_997,True,popularity_baseline,10,1,True
newcand_998,True,popularity_baseline,10,0,False
newcand_999,True,popularity_baseline,10,1,True
newcand_1000,False,popularity_baseline,10,0,False
newcand_1001,True,popularity_baseline,10,1,True
newcand_1002,True,popularity_baseline,10,2,True
newcand_1003,True,popularity_baseline,10,3,True
newcand_1004,True,popularity_baseline,10,3,True
newcand_1005,True,popularity_baseline,10,2,True
newcand_1006,True,popularity_baseline,10,1,True
newcand_1007,True,popularity_baseline,10,2,True
newcand_1008,True,popularity_baseline,10,0,False
newcand_1009,True,popularity_baseline,10,0,False
newcand_1010,True,popularity_baseline,10,0,False
newcand_1011,True,popularity_baseline,10,1,True
newcand_1012,True,popularity_baseline,10,1,True
newcand_1013,False,popularity_baseline,10,0,False
newcand_1014,True,popularity_baseline,10,0,False
newcand_1015,True,popularity_baseline,10,2,True
newcand_1016,True,popularity_baseline,10,0,False
newcand_1017,True,popularity_baseline,10,2,True
newcand_1018,True,popularity_baseline,10,1,True
newcand_1019,True,popularity_baseline,10,0,False
newcand_1020,True,popularity_baseline,10,0,False
newcand_1021,True,popularity_baseline,10,1,True
newcand_1022,True,popularity_baseline,10,2,True
newcand_1023,True,popularity_baseline,10,0,False
newcand_1024,True,popularity_baseline,10,2,True
newcand_1025,True,popularity_baseline,10,3,True
newcand_1026,True,popularity_baseline,10,0,False
newcand_1027,True,popularity_baseline,10,3,True
newcand_1028,True,popularity_baseline,10,0,False
newcand_1029,True,popularity_baseline,10,1,True
newcand_1030,True,popularity_baseline,10,2,True
newcand_1031,True,popularity_baseline,10,0,False
newcand_1032,True,popularity_baseline,10,1,True
newcand_1033,True,popularity_baseline,10,0,False
newcand_1034,True,popularity_baseline,10,0,False
newcand_1035,True,popularity_baseline,10,0,False
newcand_1036,True,popularity_baseline,10,2,True
newcand_1037,True,popularity_baseline,10,1,True
newcand_1038,True,popularity_baseline,10,4,True
newcand_1039,True,popularity_baseline,10,1,True
newcand_1040,True,popularity_baseline,10,1,True
newcand_1041,True,popularity_baseline,10,1,True
newcand_1042,True,popularity_baseline,10,2,True
newcand_1043,True,popularity_baseline,10,0,False
newcand_1044,True,popularity_baseline,10,4,True
newcand_1045,True,popularity_baseline,10,0,False
newcand_1046,True,popularity_baseline,10,2,True
newcand_1047,True,popularity_baseline,10,1,True
newcand_1048,True,popularity_baseline,10,2,True
newcand_1049,True,popularity_baseline,10,1,True
newcand_1050,True,popularity_baseline,10,0,False
newcand_1051,True,popularity_baseline,10,3,True
newcand_1052,True,popularity_baseline,10,1,True
newcand_1053,True,popularity_baseline,10,1,True
newcand_1054,True,popularity_baseline,10,0,False
newcand_1055,True,popularity_baseline,10,3,True
newcand_1056,False,popularity_baseline,10,0,False
newcand_1057,True,popularity_baseline,10,1,True
newcand_1058,True,popularity_baseline,10,0,False
newcand_1059,True,popularity_baseline,10,1,True
newcand_1060,True,popularity_baseline,10,1,True
newcand_1061,True,popularity_baseline,10,1,True
newcand_1062,True,popularity_baseline,10,1,True
newcand_1063,True,popularity_baseline,10,2,True
newcand_1064,True,popularity_baseline,10,2,True
newcand_1065,True,popularity_baseline,10,2,True
newcand_1066,True,popularity_baseline,10,0,False
newcand_1067,True,popularity_baseline,10,1,True
newcand_1068,False,popularity_baseline,10,0,False
newcand_1069,True,popularity_baseline,10,1,True
newcand_1070,True,popularity_baseline,10,2,True
newcand_1071,True,popularity_baseline,10,2,True
newcand_1072,True,popularity_baseline,10,2,True
newcand_1073,False,popularity_baseline,10,2,True
newcand_1074,True,popularity_baseline,10,1,True
newcand_1075,True,popularity_baseline,10,1,True
newcand_1076,True,popularity_baseline,10,0,False
newcand_1077,True,popularity_baseline,10,1,True
newcand_1078,True,popularity_baseline,10,0,False
newcand_1079,True,popularity_baseline,10,0,False
newcand_1080,True,popularity_baseline,10,1,True
newcand_1081,True,popularity_baseline,10,3,True
newcand_1082,True,popularity_baseline,10,4,True
newcand_1083,True,popularity_baseline,10,0,False
newcand_1084,True,popularity_baseline,10,1,True
newcand_1085,True,popularity_baseline,10,0,False
newcand_1086,True,popularity_baseline,10,0,False
newcand_1087,False,popularity_baseline,10,0,False
newcand_1088,True,popularity_baseline,10,0,False
newcand_1089,True,popularity_baseline,10,1,True
newcand_1090,True,popularity_baseline,10,1,True
newcand_1091,True,popularity_baseline,10,3,True
newcand_1092,True,popularity_baseline,10,3,True
newcand_1093,True,popularity_baseline,10,2,True
newcand_1094,True,popularity_baseline,10,2,True
newcand_1095,True,popularity_baseline,10,2,True
newcand_1096,True,popularity_baseline,10,2,True
newcand_1097,True,popularity_baseline,10,1,True
newcand_1098,True,popularity_baseline,10,0,False
newcand_1099,True,popularity_baseline,10,1,True
newcand_1100,True,popularity_baseline,10,4,True
newcand_1101,True,popularity_baseline,10,1,True
newcand_1102,True,popularity_baseline,10,0,False
newcand_1103,True,popularity_baseline,10,2,True
newcand_1104,False,popularity_baseline,10,0,False
newcand_1105,True,popularity_baseline,10,0,False
newcand_1106,True,popularity_baseline,10,2,True
newcand_1107,True,popularity_baseline,10,1,True
newcand_1108,False,popularity_baseline,10,1,True
newcand_1109,True,popularity_baseline,10,2,True
newcand_1110,True,popularity_baseline,10,0,False
newcand_1111,True,popularity_baseline,10,0,False
newcand_1112,False,popularity_baseline,10,0,False
newcand_1113,True,popularity_baseline,10,1,True
newcand_1114,True,popularity_baseline,10,0,False
newcand_1115,True,popularity_baseline,10,1,True
newcand_1116,True,popularity_baseline,10,0,False
newcand_1117,True,popularity_baseline,10,1,True
newcand_1118,True,popularity_baseline,10,0,False
newcand_1119,True,popularity_baseline,10,1,True
newcand_1120,True,popularity_baseline,10,1,True
newcand_1121,True,popularity_baseline,10,4,True
newcand_1122,True,popularity_baseline,10,3,True
newcand_1123,True,popularity_baseline,10,2,True
newcand_1124,True,popularity_baseline,10,1,True
newcand_1125,True,popularity_baseline,10,0,False
newcand_1126,True,popularity_baseline,10,2,True
newcand_1127,True,popularity_baseline,10,0,False
newcand_1128,True,popularity_baseline,10,1,True
newcand_1129,True,popularity_baseline,10,1,True
newcand_1130,True,popularity_baseline,10,0,False
newcand_1131,True,popularity_baseline,10,1,True
newcand_1132,True,popularity_baseline,10,2,True
newcand_1133,False,popularity_baseline,10,1,True
newcand_1134,True,popularity_baseline,10,0,False
newcand_1135,True,popularity_baseline,10,3,True
newcand_1136,True,popularity_baseline,10,1,True
newcand_1137,True,popularity_baseline,10,2,True
newcand_1138,True,popularity_baseline,10,1,True
newcand_1139,True,popularity_baseline,10,0,False
newcand_1140,True,popularity_baseline,10,2,True
newcand_1141,True,popularity_baseline,10,3,True
newcand_1142,True,popularity_baseline,10,2,True
newcand_1143,True,popularity_baseline,10,1,True
newcand_1144,True,popularity_baseline,10,2,True
newcand_1145,True,popularity_baseline,10,1,True
newcand_1146,True,popularity_baseline,10,2,True
newcand_1147,False,popularity_baseline,10,1,True
newcand_1148,True,popularity_baseline,10,1,True
newcand_1149,True,popularity_baseline,10,1,True
newcand_1150,True,popularity_baseline,10,0,False
newcand_1151,True,popularity_baseline,10,1,True
newcand_1152,True,popularity_baseline,10,3,True
newcand_1153,True,popularity_baseline,10,0,False
newcand_1154,True,popularity_baseline,10,2,True
newcand_1155,True,popularity_baseline,10,1,True
newcand_1156,True,popularity_baseline,10,4,True
newcand_1157,True,popularity_baseline,10,1,True
newcand_1158,True,popularity_baseline,10,0,False
newcand_1159,True,popularity_baseline,10,1,True
newcand_1160,True,popularity_baseline,10,1,True
newcand_1161,True,popularity_baseline,10,2,True
newcand_1162,True,popularity_baseline,10,1,True
newcand_1163,True,popularity_baseline,10,0,False
newcand_1164,True,popularity_baseline,10,1,True
newcand_1165,True,popularity_baseline,10,1,True
newcand_1166,True,popularity_baseline,10,4,True
newcand_1167,True,popularity_baseline,10,1,True
newcand_1168,False,popularity_baseline,10,1,True
newcand_1169,True,popularity_baseline,10,1,True
newcand_1170,True,popularity_baseline,10,3,True
newcand_1171,True,popularity_baseline,10,0,False
newcand_1172,True,popularity_baseline,10,0,False
newcand_1173,True,popularity_baseline,10,1,True
newcand_1174,True,popularity_baseline,10,2,True
newcand_1175,True,popularity_baseline,10,3,True
newcand_1176,True,popularity_baseline,10,4,True
newcand_1177,True,popularity_baseline,10,2,True
newcand_1178,True,popularity_baseline,10,0,False
newcand_1179,True,popularity_baseline,10,1,True
newcand_1180,True,popularity_baseline,10,0,False
newcand_1181,True,popularity_baseline,10,2,True
newcand_1182,True,popularity_baseline,10,1,True
newcand_1183,True,popularity_baseline,10,2,True
newcand_1184,True,popularity_baseline,10,0,False
newcand_1185,True,popularity_baseline,10,1,True
newcand_1186,True,popularity_baseline,10,2,True
newcand_1187,True,popularity_baseline,10,2,True
newcand_1188,True,popularity_baseline,10,1,True
newcand_1189,True,popularity_baseline,10,0,False
newcand_1190,True,popularity_baseline,10,0,False
newcand_1191,True,popularity_baseline,10,1,True
newcand_1192,True,popularity_baseline,10,1,True
newcand_1193,True,popularity_baseline,10,2,True
newcand_1194,True,popularity_baseline,10,3,True
newcand_1195,True,popularity_baseline,10,0,False
newcand_1196,True,popularity_baseline,10,3,True
newcand_1197,True,popularity_baseline,10,0,False
newcand_1198,True,popularity_baseline,10,2,True
newcand_1199,True,popularity_baseline,10,1,True
newcand_1200,True,popularity_baseline,10,1,True
newcand_1201,True,popularity_baseline,10,1,True
newcand_1202,True,popularity_baseline,10,4,True
newcand_1203,True,popularity_baseline,10,0,False
newcand_1204,True,popularity_baseline,10,0,False
newcand_1205,True,popularity_baseline,10,2,True
newcand_1206,False,popularity_baseline,10,0,False
newcand_1207,True,popularity_baseline,10,3,True
newcand_1208,True,popularity_baseline,10,1,True
newcand_1209,True,popularity_baseline,10,2,True
newcand_1210,True,popularity_baseline,10,0,False
newcand_1211,True,popularity_baseline,10,1,True
newcand_1212,False,popularity_baseline,10,0,False
newcand_1213,True,popularity_baseline,10,1,True
newcand_1214,True,popularity_baseline,10,0,False
newcand_1215,True,popularity_baseline,10,1,True
newcand_1216,True,popularity_baseline,10,1,True
newcand_1217,True,popularity_baseline,10,1,True
newcand_1218,True,popularity_baseline,10,0,False
newcand_1219,True,popularity_baseline,10,0,False
newcand_1220,True,popularity_baseline,10,2,True
newcand_1221,True,popularity_baseline,10,1,True
newcand_1222,True,popularity_baseline,10,1,True
newcand_1223,True,popularity_baseline,10,1,True
newcand_1224,True,popularity_baseline,10,3,True
newcand_1225,True,popularity_baseline,10,2,True
newcand_1226,True,popularity_baseline,10,3,True
newcand_1227,True,popularity_baseline,10,0,False
newcand_1228,True,popularity_baseline,10,1,True
newcand_1229,True,popularity_baseline,10,0,False
newcand_1230,True,popularity_baseline,10,1,True
newcand_1231,True,popularity_baseline,10,3,True
newcand_1232,True,popularity_baseline,10,3,True
newcand_1233,True,popularity_baseline,10,2,True
newcand_1234,True,popularity_baseline,10,2,True
newcand_1235,True,popularity_baseline,10,2,True
newcand_1236,True,popularity_baseline,10,0,False
newcand_1237,True,popularity_baseline,10,1,True
newcand_1238,True,popularity_baseline,10,0,False
newcand_1239,True,popularity_baseline,10,2,True
newcand_1240,True,popularity_baseline,10,0,False
newcand_1241,True,popularity_baseline,10,0,False
newcand_1242,True,popularity_baseline,10,1,True
newcand_1243,True,popularity_baseline,10,1,True
newcand_1244,True,popularity_baseline,10,1,True
newcand_1245,True,popularity_baseline,10,0,False
newcand_1246,True,popularity_baseline,10,2,True
newcand_1247,True,popularity_baseline,10,0,False
newcand_1248,False,popularity_baseline,10,0,False
newcand_1249,True,popularity_baseline,10,1,True
newcand_1250,True,popularity_baseline,10,0,False
newcand_1251,True,popularity_baseline,10,4,True
newcand_1252,True,popularity_baseline,10,3,True
newcand_1253,True,popularity_baseline,10,1,True
newcand_1254,True,popularity_baseline,10,1,True
newcand_1255,True,popularity_baseline,10,1,True
newcand_1256,True,popularity_baseline,10,2,True
newcand_1257,True,popularity_baseline,10,2,True
newcand_1258,True,popularity_baseline,10,2,True
newcand_1259,True,popularity_baseline,10,2,True
newcand_1260,True,popularity_baseline,10,3,True
newcand_1261,True,popularity_baseline,10,1,True
newcand_1262,True,popularity_baseline,10,1,True
newcand_1263,False,popularity_baseline,10,1,True
newcand_1264,True,popularity_baseline,10,2,True
newcand_1265,True,popularity_baseline,10,0,False
newcand_1266,True,popularity_baseline,10,3,True
newcand_1267,True,popularity_baseline,10,1,True
newcand_1268,True,popularity_baseline,10,5,True
newcand_1269,True,popularity_baseline,10,2,True
newcand_1270,True,popularity_baseline,10,2,True
newcand_1271,True,popularity_baseline,10,2,True
newcand_1272,True,popularity_baseline,10,2,True
newcand_1273,True,popularity_baseline,10,0,False
newcand_1274,True,popularity_baseline,10,0,False
newcand_1275,True,popularity_baseline,10,1,True
newcand_1276,False,popularity_baseline,10,1,True
newcand_1277,True,popularity_baseline,10,4,True
newcand_1278,True,popularity_baseline,10,1,True
newcand_1279,False,popularity_baseline,10,1,True
newcand_1280,True,popularity_baseline,10,1,True
newcand_1281,True,popularity_baseline,10,0,False
newcand_1282,True,popularity_baseline,10,2,True
newcand_1283,True,popularity_baseline,10,0,False
newcand_1284,True,popularity_baseline,10,1,True
newcand_1285,True,popularity_baseline,10,1,True
newcand_1286,True,popularity_baseline,10,0,False
newcand_1287,True,popularity_baseline,10,2,True
newcand_1288,True,popularity_baseline,10,1,True
newcand_1289,False,popularity_baseline,10,0,False
newcand_1290,True,popularity_baseline,10,4,True
newcand_1291,True,popularity_baseline,10,1,True
newcand_1292,True,popularity_baseline,10,1,True
newcand_1293,True,popularity_baseline,10,2,True
newcand_1294,True,popularity_baseline,10,0,False
newcand_1295,True,popularity_baseline,10,1,True
newcand_1296,True,popularity_baseline,10,1,True
newcand_1297,True,popularity_baseline,10,2,True
newcand_1298,True,popularity_baseline,10,2,True
newcand_1299,True,popularity_baseline,10,1,True
newcand_1300,True,popularity_baseline,10,2,True
newcand_1301,True,popularity_baseline,10,0,False
newcand_1302,False,popularity_baseline,10,1,True
newcand_1303,True,popularity_baseline,10,0,False
newcand_1304,True,popularity_baseline,10,4,True
newcand_1305,True,popularity_baseline,10,0,False
newcand_1306,False,popularity_baseline,10,2,True
newcand_1307,True,popularity_baseline,10,1,True
newcand_1308,True,popularity_baseline,10,3,True
newcand_1309,False,popularity_baseline,10,0,False
newcand_1310,False,popularity_baseline,10,2,True
newcand_1311,True,popularity_baseline,10,1,True
newcand_1312,True,popularity_baseline,10,1,True
newcand_1313,True,popularity_baseline,10,1,True
newcand_1314,True,popularity_baseline,10,2,True
newcand_1315,True,popularity_baseline,10,2,True
newcand_1316,True,popularity_baseline,10,1,True
newcand_1317,True,popularity_baseline,10,0,False
newcand_1318,True,popularity_baseline,10,1,True
newcand_1319,True,popularity_baseline,10,0,False
newcand_1320,True,popularity_baseline,10,3,True
newcand_1321,True,popularity_baseline,10,2,True
newcand_1322,True,popularity_baseline,10,2,True
newcand_1323,True,popularity_baseline,10,2,True
newcand_1324,True,popularity_baseline,10,1,True
newcand_1325,True,popularity_baseline,10,0,False
newcand_1326,True,popularity_baseline,10,0,False
newcand_1327,True,popularity_baseline,10,1,True
newcand_1328,True,popularity_baseline,10,3,True
newcand_1329,True,popularity_baseline,10,1,True
newcand_1330,True,popularity_baseline,10,1,True
newcand_1331,True,popularity_baseline,10,0,False
newcand_1332,True,popularity_baseline,10,0,False
newcand_1333,True,popularity_baseline,10,0,False
newcand_1334,True,popularity_baseline,10,1,True
newcand_1335,True,popularity_baseline,10,1,True
newcand_1336,True,popularity_baseline,10,4,True
newcand_1337,True,popularity_baseline,10,3,True
newcand_1338,True,popularity_baseline,10,1,True
newcand_1339,True,popularity_baseline,10,1,True
newcand_1340,True,popularity_baseline,10,1,True
newcand_1341,True,popularity_baseline,10,0,False
newcand_1342,True,popularity_baseline,10,2,True
newcand_1343,True,popularity_baseline,10,0,False
newcand_1344,True,popularity_baseline,10,0,False
newcand_1345,True,popularity_baseline,10,1,True
newcand_1346,True,popularity_baseline,10,3,True
newcand_1347,True,popularity_baseline,10,1,True
newcand_1348,True,popularity_baseline,10,1,True
newcand_1349,True,popularity_baseline,10,3,True
newcand_1350,True,popularity_baseline,10,0,False
newcand_1351,True,popularity_baseline,10,0,False
newcand_1352,True,popularity_baseline,10,0,False
newcand_1353,True,popularity_baseline,10,2,True
newcand_1354,True,popularity_baseline,10,1,True
newcand_1355,True,popularity_baseline,10,2,True
newcand_1356,True,popularity_baseline,10,1,True
newcand_1357,True,popularity_baseline,10,2,True
newcand_1358,True,popularity_baseline,10,2,True
newcand_1359,True,popularity_baseline,10,2,True
newcand_1360,True,popularity_baseline,10,2,True
newcand_1361,True,popularity_baseline,10,3,True
newcand_1362,True,popularity_baseline,10,2,True
newcand_1363,True,popularity_baseline,10,0,False
newcand_1364,True,popularity_baseline,10,1,True
newcand_1365,True,popularity_baseline,10,1,True
newcand_1366,True,popularity_baseline,10,2,True
newcand_1367,True,popularity_baseline,10,1,True
newcand_1368,True,popularity_baseline,10,3,True
newcand_1369,True,popularity_baseline,10,0,False
newcand_1370,True,popularity_baseline,10,1,True
newcand_1371,True,popularity_baseline,10,2,True
newcand_1372,True,popularity_baseline,10,0,False
newcand_1373,True,popularity_baseline,10,1,True
newcand_1374,True,popularity_baseline,10,4,True
newcand_1375,False,popularity_baseline,10,1,True
newcand_1376,True,popularity_baseline,10,1,True
newcand_1377,True,popularity_baseline,10,0,False
newcand_1378,True,popularity_baseline,10,1,True
newcand_1379,False,popularity_baseline,10,2,True
newcand_1380,False,popularity_baseline,10,0,False
newcand_1381,False,popularity_baseline,10,1,True
newcand_1382,True,popularity_baseline,10,1,True
newcand_1383,True,popularity_baseline,10,2,True
newcand_1384,True,popularity_baseline,10,4,True
newcand_1385,True,popularity_baseline,10,0,False
newcand_1386,True,popularity_baseline,10,1,True
newcand_1387,True,popularity_baseline,10,1,True
newcand_1388,False,popularity_baseline,10,1,True
newcand_1389,True,popularity_baseline,10,1,True
newcand_1390,True,popularity_baseline,10,2,True
newcand_1391,False,popularity_baseline,10,0,False
newcand_1392,False,popularity_baseline,10,0,False
newcand_1393,True,popularity_baseline,10,0,False
newcand_1394,True,popularity_baseline,10,1,True
newcand_1395,True,popularity_baseline,10,0,False
newcand_1396,True,popularity_baseline,10,3,True
newcand_1397,True,popularity_baseline,10,3,True
newcand_1398,True,popularity_baseline,10,1,True
newcand_1399,True,popularity_baseline,10,1,True
newcand_1400,True,popularity_baseline,10,0,False
newcand_1401,True,popularity_baseline,10,0,False
newcand_1402,True,popularity_baseline,10,1,True
newcand_1403,True,popularity_baseline,10,1,True
newcand_1404,True,popularity_baseline,10,0,False
newcand_1405,True,popularity_baseline,10,0,False
newcand_1406,True,popularity_baseline,10,1,True
newcand_1407,False,popularity_baseline,10,0,False
newcand_1408,True,popularity_baseline,10,2,True
newcand_1409,True,popularity_baseline,10,1,True
newcand_1410,True,popularity_baseline,10,0,False
newcand_1411,True,popularity_baseline,10,0,False
newcand_1412,True,popularity_baseline,10,1,True
newcand_1413,True,popularity_baseline,10,1,True
newcand_1414,True,popularity_baseline,10,2,True
newcand_1415,True,popularity_baseline,10,1,True
newcand_1416,True,popularity_baseline,10,1,True
newcand_1417,True,popularity_baseline,10,0,False
newcand_1418,False,popularity_baseline,10,1,True
newcand_1419,True,popularity_baseline,10,4,True
newcand_1420,True,popularity_baseline,10,2,True
newcand_1421,True,popularity_baseline,10,2,True
newcand_1422,True,popularity_baseline,10,0,False
newcand_1423,True,popularity_baseline,10,1,True
newcand_1424,False,popularity_baseline,10,1,True
newcand_1425,True,popularity_baseline,10,2,True
newcand_1426,True,popularity_baseline,10,3,True
newcand_1427,True,popularity_baseline,10,2,True
newcand_1428,True,popularity_baseline,10,1,True
newcand_1429,True,popularity_baseline,10,1,True
newcand_1430,True,popularity_baseline,10,1,True
newcand_1431,True,popularity_baseline,10,2,True
newcand_1432,True,popularity_baseline,10,1,True
newcand_1433,True,popularity_baseline,10,2,True
newcand_1434,True,popularity_baseline,10,0,False
newcand_1435,True,popularity_baseline,10,0,False
newcand_1436,True,popularity_baseline,10,0,False
newcand_1437,True,popularity_baseline,10,1,True
newcand_1438,True,popularity_baseline,10,2,True
newcand_1439,True,popularity_baseline,10,0,False
newcand_1440,True,popularity_baseline,10,1,True
newcand_1441,True,popularity_baseline,10,0,False
newcand_1442,True,popularity_baseline,10,1,True
newcand_1443,True,popularity_baseline,10,3,True
newcand_1444,True,popularity_baseline,10,1,True
newcand_1445,True,popularity_baseline,10,0,False
newcand_1446,True,popularity_baseline,10,1,True
newcand_1447,True,popularity_baseline,10,0,False
newcand_1448,True,popularity_baseline,10,2,True
newcand_1449,True,popularity_baseline,10,0,False
newcand_1450,True,popularity_baseline,10,2,True
newcand_1451,True,popularity_baseline,10,2,True
newcand_1452,True,popularity_baseline,10,3,True
newcand_1453,True,popularity_baseline,10,1,True
newcand_1454,True,popularity_baseline,10,3,True
newcand_1455,True,popularity_baseline,10,1,True
newcand_1456,True,popularity_baseline,10,0,False
newcand_1457,True,popularity_baseline,10,3,True
newcand_1458,True,popularity_baseline,10,1,True
newcand_1459,True,popularity_baseline,10,2,True
newcand_1460,True,popularity_baseline,10,1,True
newcand_1461,True,popularity_baseline,10,1,True
newcand_1462,True,popularity_baseline,10,1,True
newcand_1463,True,popularity_baseline,10,2,True
newcand_1464,True,popularity_baseline,10,1,True
newcand_1465,True,popularity_baseline,10,0,False
newcand_1466,True,popularity_baseline,10,2,True
newcand_1467,True,popularity_baseline,10,1,True
newcand_1468,False,popularity_baseline,10,1,True
newcand_1469,True,popularity_baseline,10,2,True
newcand_1470,True,popularity_baseline,10,2,True
newcand_1471,True,popularity_baseline,10,1,True
newcand_1472,True,popularity_baseline,10,0,False
newcand_1473,True,popularity_baseline,10,4,True
newcand_1474,True,popularity_baseline,10,2,True
newcand_1475,False,popularity_baseline,10,0,False
newcand_1476,True,popularity_baseline,10,2,True
newcand_1477,True,popularity_baseline,10,1,True
newcand_1478,True,popularity_baseline,10,3,True
newcand_1479,False,popularity_baseline,10,0,False
newcand_1480,True,popularity_baseline,10,3,True
newcand_1481,True,popularity_baseline,10,0,False
newcand_1482,True,popularity_baseline,10,0,False
newcand_1483,True,popularity_baseline,10,1,True
newcand_1484,True,popularity_baseline,10,0,False
newcand_1485,True,popularity_baseline,10,0,False
newcand_1486,True,popularity_baseline,10,1,True
newcand_1487,True,popularity_baseline,10,0,False
newcand_1488,True,popularity_baseline,10,1,True
newcand_1489,True,popularity_baseline,10,3,True
newcand_1490,True,popularity_baseline,10,0,False
newcand_1491,True,popularity_baseline,10,0,False
newcand_1492,True,popularity_baseline,10,3,True
newcand_1493,True,popularity_baseline,10,3,True
newcand_1494,True,popularity_baseline,10,1,True
newcand_1495,True,popularity_baseline,10,0,False
newcand_1496,True,popularity_baseline,10,3,True
newcand_1497,True,popularity_baseline,10,0,False
newcand_1498,True,popularity_baseline,10,1,True
newcand_1499,False,popularity_baseline,10,1,True
newcand_1500,True,popularity_baseline,10,0,False
newcand_1501,True,popularity_baseline,10,0,False
newcand_1502,True,popularity_baseline,10,2,True
newcand_1503,True,popularity_baseline,10,1,True
newcand_1504,False,popularity_baseline,10,0,False
newcand_1505,True,popularity_baseline,10,1,True
newcand_1506,True,popularity_baseline,10,1,True
newcand_1507,True,popularity_baseline,10,1,True
newcand_1508,True,popularity_baseline,10,2,True
newcand_1509,True,popularity_baseline,10,1,True
newcand_1510,True,popularity_baseline,10,1,True
newcand_1511,True,popularity_baseline,10,1,True
newcand_1512,True,popularity_baseline,10,1,True
newcand_1513,True,popularity_baseline,10,2,True
newcand_1514,True,popularity_baseline,10,5,True
newcand_1515,True,popularity_baseline,10,1,True
newcand_1516,False,popularity_baseline,10,1,True
newcand_1517,True,popularity_baseline,10,2,True
newcand_1518,True,popularity_baseline,10,0,False
newcand_1519,False,popularity_baseline,10,0,False
newcand_1520,True,popularity_baseline,10,1,True
newcand_1521,True,popularity_baseline,10,1,True
newcand_1522,True,popularity_baseline,10,2,True
newcand_1523,True,popularity_baseline,10,2,True
newcand_1524,False,popularity_baseline,10,0,False
newcand_1525,True,popularity_baseline,10,1,True
newcand_1526,True,popularity_baseline,10,1,True
newcand_1527,True,popularity_baseline,10,2,True
newcand_1528,True,popularity_baseline,10,0,False
newcand_1529,True,popularity_baseline,10,0,False
newcand_1530,True,popularity_baseline,10,2,True
newcand_1531,True,popularity_baseline,10,5,True
newcand_1532,True,popularity_baseline,10,1,True
newcand_1533,True,popularity_baseline,10,2,True
newcand_1534,True,popularity_baseline,10,1,True
newcand_1535,True,popularity_baseline,10,0,False
newcand_1536,True,popularity_baseline,10,2,True
newcand_1537,True,popularity_baseline,10,1,True
newcand_1538,True,popularity_baseline,10,2,True
newcand_1539,True,popularity_baseline,10,2,True
newcand_1540,False,popularity_baseline,10,2,True
newcand_1541,False,popularity_baseline,10,0,False
newcand_1542,True,popularity_baseline,10,1,True
newcand_1543,True,popularity_baseline,10,0,False
newcand_1544,True,popularity_baseline,10,2,True
newcand_1545,True,popularity_baseline,10,0,False
newcand_1546,True,popularity_baseline,10,2,True
newcand_1547,True,popularity_baseline,10,1,True
newcand_1548,True,popularity_baseline,10,0,False
newcand_1549,True,popularity_baseline,10,1,True
newcand_1550,True,popularity_baseline,10,3,True
newcand_1551,True,popularity_baseline,10,1,True
newcand_1552,True,popularity_baseline,10,2,True
newcand_1553,True,popularity_baseline,10,2,True
newcand_1554,True,popularity_baseline,10,2,True
newcand_1555,True,popularity_baseline,10,1,True
newcand_1556,True,popularity_baseline,10,1,True
newcand_1557,True,popularity_baseline,10,1,True
newcand_1558,True,popularity_baseline,10,2,True
newcand_1559,True,popularity_baseline,10,2,True
newcand_1560,True,popularity_baseline,10,1,True
newcand_1561,True,popularity_baseline,10,0,False
newcand_1562,True,popularity_baseline,10,1,True
newcand_1563,True,popularity_baseline,10,1,True
newcand_1564,True,popularity_baseline,10,1,True
newcand_1565,True,popularity_baseline,10,0,False
newcand_1566,True,popularity_baseline,10,2,True
newcand_1567,True,popularity_baseline,10,2,True
newcand_1568,True,popularity_baseline,10,0,False
newcand_1569,True,popularity_baseline,10,1,True
newcand_1570,True,popularity_baseline,10,2,True
newcand_1571,True,popularity_baseline,10,2,True
newcand_1572,True,popularity_baseline,10,3,True
newcand_1573,False,popularity_baseline,10,0,False
newcand_1574,True,popularity_baseline,10,1,True
newcand_1575,True,popularity_baseline,10,1,True
newcand_1576,True,popularity_baseline,10,0,False
newcand_1577,True,popularity_baseline,10,0,False
newcand_1578,True,popularity_baseline,10,0,False
newcand_1579,True,popularity_baseline,10,1,True
newcand_1580,True,popularity_baseline,10,1,True
newcand_1581,True,popularity_baseline,10,1,True
newcand_1582,True,popularity_baseline,10,3,True
newcand_1583,True,popularity_baseline,10,0,False
newcand_1584,True,popularity_baseline,10,0,False
newcand_1585,True,popularity_baseline,10,3,True
newcand_1586,True,popularity_baseline,10,1,True
newcand_1587,True,popularity_baseline,10,1,True
newcand_1588,False,popularity_baseline,10,1,True
newcand_1589,True,popularity_baseline,10,1,True
newcand_1590,True,popularity_baseline,10,3,True
newcand_1591,True,popularity_baseline,10,1,True
newcand_1592,True,popularity_baseline,10,0,False
newcand_1593,True,popularity_baseline,10,2,True
newcand_1594,True,popularity_baseline,10,2,True
newcand_1595,True,popularity_baseline,10,2,True
newcand_1596,True,popularity_baseline,10,0,False
newcand_1597,True,popularity_baseline,10,0,False
newcand_1598,False,popularity_baseline,10,0,False
newcand_1599,True,popularity_baseline,10,1,True
newcand_1600,True,popularity_baseline,10,2,True
newcand_1601,True,popularity_baseline,10,1,True
newcand_1602,True,popularity_baseline,10,4,True
newcand_1603,True,popularity_baseline,10,1,True
newcand_1604,True,popularity_baseline,10,2,True
newcand_1605,True,popularity_baseline,10,2,True
newcand_1606,True,popularity_baseline,10,0,False
newcand_1607,True,popularity_baseline,10,2,True
newcand_1608,True,popularity_baseline,10,1,True
newcand_1609,True,popularity_baseline,10,1,True
newcand_1610,True,popularity_baseline,10,0,False
newcand_1611,True,popularity_baseline,10,2,True
newcand_1612,True,popularity_baseline,10,0,False
newcand_1613,True,popularity_baseline,10,0,False
newcand_1614,True,popularity_baseline,10,2,True
newcand_1615,False,popularity_baseline,10,0,False
newcand_1616,True,popularity_baseline,10,0,False
newcand_1617,True,popularity_baseline,10,0,False
newcand_1618,True,popularity_baseline,10,0,False
newcand_1619,True,popularity_baseline,10,2,True
newcand_1620,True,popularity_baseline,10,0,False
newcand_1621,True,popularity_baseline,10,4,True
newcand_1622,True,popularity_baseline,10,2,True
newcand_1623,True,popularity_baseline,10,1,True
newcand_1624,True,popularity_baseline,10,1,True
newcand_1625,True,popularity_baseline,10,1,True
newcand_1626,True,popularity_baseline,10,3,True
newcand_1627,True,popularity_baseline,10,4,True
newcand_1628,True,popularity_baseline,10,1,True
newcand_1629,True,popularity_baseline,10,2,True
newcand_1630,True,popularity_baseline,10,0,False
newcand_1631,True,popularity_baseline,10,3,True
newcand_1632,True,popularity_baseline,10,0,False
newcand_1633,True,popularity_baseline,10,0,False
newcand_1634,True,popularity_baseline,10,2,True
newcand_1635,True,popularity_baseline,10,1,True
newcand_1636,True,popularity_baseline,10,0,False
newcand_1637,True,popularity_baseline,10,1,True
newcand_1638,True,popularity_baseline,10,1,True
newcand_1639,True,popularity_baseline,10,3,True
newcand_1640,True,popularity_baseline,10,0,False
newcand_1641,True,popularity_baseline,10,2,True
newcand_1642,True,popularity_baseline,10,1,True
newcand_1643,True,popularity_baseline,10,0,False
newcand_1644,True,popularity_baseline,10,1,True
newcand_1645,True,popularity_baseline,10,1,True
newcand_1646,True,popularity_baseline,10,1,True
newcand_1647,False,popularity_baseline,10,0,False
newcand_1648,True,popularity_baseline,10,1,True
newcand_1649,True,popularity_baseline,10,1,True
newcand_1650,True,popularity_baseline,10,2,True
newcand_1651,True,popularity_baseline,10,1,True
newcand_1652,True,popularity_baseline,10,0,False
newcand_1653,True,popularity_baseline,10,1,True
newcand_1654,True,popularity_baseline,10,4,True
newcand_1655,True,popularity_baseline,10,0,False
newcand_1656,True,popularity_baseline,10,1,True
newcand_1657,True,popularity_baseline,10,1,True
newcand_1658,True,popularity_baseline,10,0,False
newcand_1659,True,popularity_baseline,10,2,True
newcand_1660,True,popularity_baseline,10,0,False
newcand_1661,True,popularity_baseline,10,1,True
newcand_1662,True,popularity_baseline,10,0,False
newcand_1663,False,popularity_baseline,10,1,True
newcand_1664,True,popularity_baseline,10,1,True
newcand_1665,True,popularity_baseline,10,3,True
newcand_1666,True,popularity_baseline,10,2,True
newcand_1667,True,popularity_baseline,10,1,True
newcand_1668,True,popularity_baseline,10,1,True
newcand_1669,True,popularity_baseline,10,3,True
newcand_1670,True,popularity_baseline,10,1,True
newcand_1671,True,popularity_baseline,10,1,True
newcand_1672,True,popularity_baseline,10,1,True
newcand_1673,True,popularity_baseline,10,0,False
newcand_1674,True,popularity_baseline,10,1,True
newcand_1675,True,popularity_baseline,10,0,False
newcand_1676,True,popularity_baseline,10,3,True
newcand_1677,True,popularity_baseline,10,0,False
newcand_1678,True,popularity_baseline,10,0,False
newcand_1679,True,popularity_baseline,10,2,True
newcand_1680,True,popularity_baseline,10,2,True
newcand_1681,True,popularity_baseline,10,1,True
newcand_1682,True,popularity_baseline,10,1,True
newcand_1683,True,popularity_baseline,10,0,False
newcand_1684,True,popularity_baseline,10,0,False
newcand_1685,True,popularity_baseline,10,1,True
newcand_1686,True,popularity_baseline,10,1,True
newcand_1687,True,popularity_baseline,10,0,False
newcand_1688,False,popularity_baseline,10,0,False
newcand_1689,True,popularity_baseline,10,1,True
newcand_1690,True,popularity_baseline,10,0,False
newcand_1691,True,popularity_baseline,10,1,True
newcand_1692,True,popularity_baseline,10,1,True
newcand_1693,True,popularity_baseline,10,1,True
newcand_1694,True,popularity_baseline,10,2,True
newcand_1695,True,popularity_baseline,10,1,True
newcand_1696,True,popularity_baseline,10,1,True
newcand_1697,True,popularity_baseline,10,2,True
newcand_1698,True,popularity_baseline,10,0,False
newcand_1699,True,popularity_baseline,10,1,True
newcand_1700,True,popularity_baseline,10,1,True
newcand_1701,True,popularity_baseline,10,4,True
newcand_1702,True,popularity_baseline,10,3,True
newcand_1703,True,popularity_baseline,10,2,True
newcand_1704,True,popularity_baseline,10,1,True
newcand_1705,True,popularity_baseline,10,0,False
newcand_1706,True,popularity_baseline,10,1,True
newcand_1707,False,popularity_baseline,10,0,False
newcand_1708,True,popularity_baseline,10,1,True
newcand_1709,True,popularity_baseline,10,1,True
newcand_1710,True,popularity_baseline,10,2,True
newcand_1711,True,popularity_baseline,10,4,True
newcand_1712,True,popularity_baseline,10,2,True
newcand_1713,False,popularity_baseline,10,1,True
newcand_1714,True,popularity_baseline,10,0,False
newcand_1715,True,popularity_baseline,10,0,False
newcand_1716,True,popularity_baseline,10,3,True
newcand_1717,True,popularity_baseline,10,1,True
newcand_1718,True,popularity_baseline,10,0,False
newcand_1719,True,popularity_baseline,10,0,False
newcand_1720,True,popularity_baseline,10,0,False
newcand_1721,True,popularity_baseline,10,0,False
newcand_1722,True,popularity_baseline,10,3,True
newcand_1723,True,popularity_baseline,10,1,True
newcand_1724,True,popularity_baseline,10,0,False
newcand_1725,True,popularity_baseline,10,2,True
newcand_1726,True,popularity_baseline,10,1,True
newcand_1727,True,popularity_baseline,10,1,True
newcand_1728,True,popularity_baseline,10,2,True
newcand_1729,True,popularity_baseline,10,2,True
newcand_1730,True,popularity_baseline,10,0,False
newcand_1731,True,popularity_baseline,10,0,False
newcand_1732,True,popularity_baseline,10,0,False
newcand_1733,True,popularity_baseline,10,0,False
newcand_1734,True,popularity_baseline,10,1,True
newcand_1735,True,popularity_baseline,10,3,True
newcand_1736,True,popularity_baseline,10,1,True
newcand_1737,False,popularity_baseline,10,0,False
newcand_1738,True,popularity_baseline,10,0,False
newcand_1739,True,popularity_baseline,10,2,True
newcand_1740,True,popularity_baseline,10,1,True
newcand_1741,True,popularity_baseline,10,3,True
newcand_1742,True,popularity_baseline,10,2,True
newcand_1743,True,popularity_baseline,10,1,True
newcand_1744,True,popularity_baseline,10,0,False
newcand_1745,True,popularity_baseline,10,0,False
newcand_1746,True,popularity_baseline,10,2,True
newcand_1747,True,popularity_baseline,10,0,False
newcand_1748,True,popularity_baseline,10,1,True
newcand_1749,True,popularity_baseline,10,2,True
newcand_1750,True,popularity_baseline,10,2,True
newcand_1751,True,popularity_baseline,10,1,True
newcand_1752,True,popularity_baseline,10,1,True
newcand_1753,True,popularity_baseline,10,1,True
newcand_1754,True,popularity_baseline,10,1,True
newcand_1755,True,popularity_baseline,10,4,True
newcand_1756,False,popularity_baseline,10,0,False
newcand_1757,True,popularity_baseline,10,0,False
newcand_1758,True,popularity_baseline,10,3,True
newcand_1759,True,popularity_baseline,10,1,True
newcand_1760,True,popularity_baseline,10,1,True
newcand_1761,True,popularity_baseline,10,0,False
newcand_1762,True,popularity_baseline,10,2,True
newcand_1763,True,popularity_baseline,10,2,True
newcand_1764,True,popularity_baseline,10,0,False
newcand_1765,True,popularity_baseline,10,0,False
newcand_1766,True,popularity_baseline,10,3,True
newcand_1767,True,popularity_baseline,10,1,True
newcand_1768,True,popularity_baseline,10,0,False
newcand_1769,True,popularity_baseline,10,1,True
newcand_1770,True,popularity_baseline,10,1,True
newcand_1771,True,popularity_baseline,10,0,False
newcand_1772,True,popularity_baseline,10,0,False
newcand_1773,True,popularity_baseline,10,0,False
newcand_1774,True,popularity_baseline,10,1,True
newcand_1775,True,popularity_baseline,10,2,True
newcand_1776,True,popularity_baseline,10,1,True
newcand_1777,True,popularity_baseline,10,2,True
newcand_1778,True,popularity_baseline,10,0,False
newcand_1779,True,popularity_baseline,10,0,False
newcand_1780,True,popularity_baseline,10,0,False
newcand_1781,True,popularity_baseline,10,1,True
newcand_1782,True,popularity_baseline,10,0,False
newcand_1783,True,popularity_baseline,10,2,True
newcand_1784,True,popularity_baseline,10,2,True
newcand_1785,True,popularity_baseline,10,1,True
newcand_1786,True,popularity_baseline,10,1,True
newcand_1787,True,popularity_baseline,10,1,True
newcand_1788,True,popularity_baseline,10,1,True
newcand_1789,True,popularity_baseline,10,0,False
newcand_1790,True,popularity_baseline,10,2,True
newcand_1791,True,popularity_baseline,10,2,True
newcand_1792,True,popularity_baseline,10,2,True
newcand_1793,True,popularity_baseline,10,2,True
newcand_1794,True,popularity_baseline,10,1,True
newcand_1795,True,popularity_baseline,10,1,True
newcand_1796,True,popularity_baseline,10,1,True
newcand_1797,True,popularity_baseline,10,1,True
newcand_1798,True,popularity_baseline,10,0,False
newcand_1799,True,popularity_baseline,10,3,True
newcand_1800,False,popularity_baseline,10,0,False
newcand_1801,True,popularity_baseline,10,2,True
newcand_1802,True,popularity_baseline,10,0,False
newcand_1803,True,popularity_baseline,10,1,True
newcand_1804,True,popularity_baseline,10,2,True
newcand_1805,True,popularity_baseline,10,0,False
newcand_1806,True,popularity_baseline,10,1,True
newcand_1807,True,popularity_baseline,10,1,True
newcand_1808,True,popularity_baseline,10,1,True
newcand_1809,True,popularity_baseline,10,0,False
newcand_1810,True,popularity_baseline,10,0,False
newcand_1811,True,popularity_baseline,10,0,False
newcand_1812,False,popularity_baseline,10,0,False
newcand_1813,True,popularity_baseline,10,1,True
newcand_1814,True,popularity_baseline,10,3,True
newcand_1815,True,popularity_baseline,10,0,False
newcand_1816,True,popularity_baseline,10,1,True
newcand_1817,True,popularity_baseline,10,0,False
newcand_1818,True,popularity_baseline,10,1,True
newcand_1819,True,popularity_baseline,10,1,True
newcand_1820,True,popularity_baseline,10,1,True
newcand_1821,True,popularity_baseline,10,1,True
newcand_1822,True,popularity_baseline,10,3,True
newcand_1823,True,popularity_baseline,10,2,True
newcand_1824,True,popularity_baseline,10,0,False
newcand_1825,True,popularity_baseline,10,3,True
newcand_1826,True,popularity_baseline,10,1,True
newcand_1827,True,popularity_baseline,10,1,True
newcand_1828,True,popularity_baseline,10,0,False
newcand_1829,True,popularity_baseline,10,0,False
newcand_1830,True,popularity_baseline,10,2,True
newcand_1831,True,popularity_baseline,10,1,True
newcand_1832,True,popularity_baseline,10,1,True
newcand_1833,True,popularity_baseline,10,1,True
newcand_1834,True,popularity_baseline,10,1,True
newcand_1835,True,popularity_baseline,10,1,True
newcand_1836,True,popularity_baseline,10,0,False
newcand_1837,True,popularity_baseline,10,2,True
newcand_1838,True,popularity_baseline,10,0,False
newcand_1839,True,popularity_baseline,10,0,False
newcand_1840,True,popularity_baseline,10,0,False
newcand_1841,True,popularity_baseline,10,2,True
newcand_1842,True,popularity_baseline,10,2,True
newcand_1843,False,popularity_baseline,10,0,False
newcand_1844,True,popularity_baseline,10,1,True
newcand_1845,True,popularity_baseline,10,1,True
newcand_1846,True,popularity_baseline,10,0,False
newcand_1847,True,popularity_baseline,10,0,False
newcand_1848,True,popularity_baseline,10,2,True
newcand_1849,True,popularity_baseline,10,1,True
newcand_1850,True,popularity_baseline,10,4,True
newcand_1851,False,popularity_baseline,10,2,True
newcand_1852,True,popularity_baseline,10,3,True
newcand_1853,True,popularity_baseline,10,0,False
newcand_1854,True,popularity_baseline,10,1,True
newcand_1855,True,popularity_baseline,10,0,False
newcand_1856,True,popularity_baseline,10,0,False
newcand_1857,True,popularity_baseline,10,2,True
newcand_1858,True,popularity_baseline,10,0,False
newcand_1859,True,popularity_baseline,10,1,True
newcand_1860,True,popularity_baseline,10,1,True
newcand_1861,True,popularity_baseline,10,2,True
newcand_1862,True,popularity_baseline,10,5,True
newcand_1863,True,popularity_baseline,10,1,True
newcand_1864,True,popularity_baseline,10,1,True
newcand_1865,True,popularity_baseline,10,1,True
newcand_1866,True,popularity_baseline,10,1,True
newcand_1867,True,popularity_baseline,10,1,True
newcand_1868,True,popularity_baseline,10,0,False
newcand_1869,True,popularity_baseline,10,2,True
newcand_1870,True,popularity_baseline,10,4,True
newcand_1871,True,popularity_baseline,10,1,True
newcand_1872,True,popularity_baseline,10,0,False
newcand_1873,True,popularity_baseline,10,1,True
newcand_1874,True,popularity_baseline,10,0,False
newcand_1875,True,popularity_baseline,10,2,True
newcand_1876,True,popularity_baseline,10,1,True
newcand_1877,True,popularity_baseline,10,0,False
newcand_1878,True,popularity_baseline,10,2,True
newcand_1879,False,popularity_baseline,10,0,False
newcand_1880,True,popularity_baseline,10,1,True
newcand_1881,True,popularity_baseline,10,1,True
newcand_1882,True,popularity_baseline,10,1,True
newcand_1883,True,popularity_baseline,10,1,True
newcand_1884,True,popularity_baseline,10,1,True
newcand_1885,False,popularity_baseline,10,2,True
newcand_1886,True,popularity_baseline,10,0,False
newcand_1887,True,popularity_baseline,10,2,True
newcand_1888,True,popularity_baseline,10,3,True
newcand_1889,True,popularity_baseline,10,0,False
newcand_1890,True,popularity_baseline,10,0,False
newcand_1891,True,popularity_baseline,10,2,True
newcand_1892,True,popularity_baseline,10,2,True
newcand_1893,True,popularity_baseline,10,3,True
newcand_1894,True,popularity_baseline,10,0,False
newcand_1895,True,popularity_baseline,10,2,True
newcand_1896,True,popularity_baseline,10,0,False
newcand_1897,True,popularity_baseline,10,0,False
newcand_1898,True,popularity_baseline,10,2,True
newcand_1899,True,popularity_baseline,10,1,True
newcand_1900,True,popularity_baseline,10,1,True
newcand_1901,False,popularity_baseline,10,0,False
newcand_1902,True,popularity_baseline,10,2,True
newcand_1903,True,popularity_baseline,10,1,True
newcand_1904,True,popularity_baseline,10,3,True
newcand_1905,True,popularity_baseline,10,2,True
newcand_1906,True,popularity_baseline,10,2,True
newcand_1907,True,popularity_baseline,10,2,True
newcand_1908,True,popularity_baseline,10,0,False
newcand_1909,True,popularity_baseline,10,2,True
newcand_1910,True,popularity_baseline,10,1,True
newcand_1911,True,popularity_baseline,10,1,True
newcand_1912,True,popularity_baseline,10,1,True
newcand_1913,True,popularity_baseline,10,1,True
newcand_1914,True,popularity_baseline,10,2,True
newcand_1915,True,popularity_baseline,10,0,False
newcand_1916,True,popularity_baseline,10,0,False
newcand_1917,True,popularity_baseline,10,1,True
newcand_1918,True,popularity_baseline,10,3,True
newcand_1919,True,popularity_baseline,10,0,False
newcand_1920,True,popularity_baseline,10,1,True
newcand_1921,True,popularity_baseline,10,1,True
newcand_1922,True,popularity_baseline,10,3,True
newcand_1923,True,popularity_baseline,10,0,False
newcand_1924,True,popularity_baseline,10,0,False
newcand_1925,True,popularity_baseline,10,1,True
newcand_1926,True,popularity_baseline,10,1,True
newcand_1927,False,popularity_baseline,10,0,False
newcand_1928,True,popularity_baseline,10,0,False
newcand_1929,True,popularity_baseline,10,1,True
newcand_1930,True,popularity_baseline,10,1,True
newcand_1931,True,popularity_baseline,10,1,True
newcand_1932,True,popularity_baseline,10,1,True
newcand_1933,True,popularity_baseline,10,1,True
newcand_1934,True,popularity_baseline,10,1,True
newcand_1935,True,popularity_baseline,10,1,True
newcand_1936,True,popularity_baseline,10,1,True
newcand_1937,True,popularity_baseline,10,1,True
newcand_1938,True,popularity_baseline,10,0,False
newcand_1939,True,popularity_baseline,10,1,True
newcand_1940,True,popularity_baseline,10,1,True
newcand_1941,True,popularity_baseline,10,1,True
newcand_1942,False,popularity_baseline,10,2,True
newcand_1943,True,popularity_baseline,10,2,True
newcand_1944,True,popularity_baseline,10,2,True
newcand_1945,False,popularity_baseline,10,1,True
newcand_1946,True,popularity_baseline,10,1,True
newcand_1947,False,popularity_baseline,10,0,False
newcand_1948,True,popularity_baseline,10,1,True
newcand_1949,True,popularity_baseline,10,3,True
newcand_1950,True,popularity_baseline,10,3,True
newcand_1951,True,popularity_baseline,10,2,True
newcand_1952,True,popularity_baseline,10,0,False
newcand_1953,True,popularity_baseline,10,1,True
newcand_1954,True,popularity_baseline,10,2,True
newcand_1955,True,popularity_baseline,10,1,True
newcand_1956,True,popularity_baseline,10,3,True
newcand_1957,True,popularity_baseline,10,0,False
newcand_1958,True,popularity_baseline,10,1,True
newcand_1959,True,popularity_baseline,10,0,False
newcand_1960,True,popularity_baseline,10,1,True
newcand_1961,True,popularity_baseline,10,3,True
newcand_1962,True,popularity_baseline,10,2,True
newcand_1963,True,popularity_baseline,10,0,False
newcand_1964,True,popularity_baseline,10,1,True
newcand_1965,True,popularity_baseline,10,1,True
newcand_1966,True,popularity_baseline,10,0,False
newcand_1967,True,popularity_baseline,10,5,True
newcand_1968,False,popularity_baseline,10,0,False
newcand_1969,True,popularity_baseline,10,0,False
newcand_1970,True,popularity_baseline,10,0,False
newcand_1971,True,popularity_baseline,10,1,True
newcand_1972,True,popularity_baseline,10,1,True
newcand_1973,False,popularity_baseline,10,1,True
newcand_1974,False,popularity_baseline,10,0,False
newcand_1975,True,popularity_baseline,10,1,True
newcand_1976,True,popularity_baseline,10,1,True
newcand_1977,True,popularity_baseline,10,0,False
newcand_1978,True,popularity_baseline,10,0,False
newcand_1979,True,popularity_baseline,10,2,True
newcand_1980,True,popularity_baseline,10,3,True
newcand_1981,True,popularity_baseline,10,1,True
newcand_1982,False,popularity_baseline,10,0,False
newcand_1983,False,popularity_baseline,10,1,True
newcand_1984,True,popularity_baseline,10,1,True
newcand_1985,True,popularity_baseline,10,0,False
newcand_1986,True,popularity_baseline,10,0,False
newcand_1987,True,popularity_baseline,10,0,False
newcand_1988,True,popularity_baseline,10,2,True
newcand_1989,True,popularity_baseline,10,1,True
newcand_1990,True,popularity_baseline,10,1,True
newcand_1991,True,popularity_baseline,10,0,False
newcand_1992,True,popularity_baseline,10,2,True
newcand_1993,True,popularity_baseline,10,2,True
newcand_1994,False,popularity_baseline,10,1,True
newcand_1995,True,popularity_baseline,10,2,True
newcand_1996,True,popularity_baseline,10,0,False
newcand_1997,True,popularity_baseline,10,0,False
newcand_1998,True,popularity_baseline,10,2,True
newcand_1999,True,popularity_baseline,10,2,True
newcand_2000,True,popularity_baseline,10,1,True
newcand_2001,False,popularity_baseline,10,0,False
newcand_2002,True,popularity_baseline,10,3,True
newcand_2003,True,popularity_baseline,10,1,True
newcand_2004,True,popularity_baseline,10,2,True
newcand_2005,True,popularity_baseline,10,2,True
newcand_2006,True,popularity_baseline,10,0,False
newcand_2007,False,popularity_baseline,10,3,True
newcand_2008,True,popularity_baseline,10,0,False
newcand_2009,False,popularity_baseline,10,0,False
newcand_2010,True,popularity_baseline,10,3,True
newcand_2011,True,popularity_baseline,10,3,True
newcand_2012,True,popularity_baseline,10,3,True
newcand_2013,True,popularity_baseline,10,0,False
newcand_2014,True,popularity_baseline,10,2,True
newcand_2015,True,popularity_baseline,10,3,True
newcand_2016,True,popularity_baseline,10,1,True
newcand_2017,True,popularity_baseline,10,1,True
newcand_2018,True,popularity_baseline,10,1,True
newcand_2019,True,popularity_baseline,10,1,True
newcand_2020,True,popularity_baseline,10,6,True
newcand_2021,True,popularity_baseline,10,1,True
newcand_2022,True,popularity_baseline,10,1,True
newcand_2023,True,popularity_baseline,10,2,True
newcand_2024,False,popularity_baseline,10,2,True
newcand_2025,True,popularity_baseline,10,2,True
newcand_2026,True,popularity_baseline,10,1,True
newcand_2027,True,popularity_baseline,10,0,False
newcand_2028,False,popularity_baseline,10,0,False
newcand_2029,True,popularity_baseline,10,4,True
newcand_2030,True,popularity_baseline,10,5,True
newcand_2031,True,popularity_baseline,10,1,True
newcand_2032,True,popularity_baseline,10,2,True
newcand_2033,True,popularity_baseline,10,5,True
newcand_2034,True,popularity_baseline,10,1,True
newcand_2035,True,popularity_baseline,10,3,True
newcand_2036,True,popularity_baseline,10,2,True
newcand_2037,True,popularity_baseline,10,1,True
newcand_2038,True,popularity_baseline,10,1,True
newcand_2039,True,popularity_baseline,10,2,True
newcand_2040,True,popularity_baseline,10,1,True
newcand_2041,True,popularity_baseline,10,2,True
newcand_2042,True,popularity_baseline,10,1,True
newcand_2043,True,popularity_baseline,10,2,True
newcand_2044,True,popularity_baseline,10,1,True
newcand_2045,True,popularity_baseline,10,0,False
newcand_2046,True,popularity_baseline,10,1,True
newcand_2047,True,popularity_baseline,10,3,True
newcand_2048,True,popularity_baseline,10,1,True
newcand_2049,True,popularity_baseline,10,3,True
newcand_2050,True,popularity_baseline,10,4,True
newcand_2051,True,popularity_baseline,10,2,True
newcand_2052,False,popularity_baseline,10,1,True
newcand_2053,True,popularity_baseline,10,0,False
newcand_2054,True,popularity_baseline,10,2,True
newcand_2055,True,popularity_baseline,10,0,False
newcand_2056,False,popularity_baseline,10,0,False
newcand_2057,True,popularity_baseline,10,0,False
newcand_2058,True,popularity_baseline,10,0,False
newcand_2059,True,popularity_baseline,10,1,True
newcand_2060,True,popularity_baseline,10,1,True
newcand_2061,True,popularity_baseline,10,1,True
newcand_2062,True,popularity_baseline,10,3,True
newcand_2063,True,popularity_baseline,10,1,True
newcand_2064,True,popularity_baseline,10,2,True
newcand_2065,False,popularity_baseline,10,0,False
newcand_2066,True,popularity_baseline,10,2,True
newcand_2067,True,popularity_baseline,10,0,False
newcand_2068,True,popularity_baseline,10,2,True
newcand_2069,True,popularity_baseline,10,1,True
newcand_2070,True,popularity_baseline,10,2,True
newcand_2071,False,popularity_baseline,10,0,False
newcand_2072,True,popularity_baseline,10,1,True
newcand_2073,True,popularity_baseline,10,1,True
newcand_2074,True,popularity_baseline,10,1,True
newcand_2075,True,popularity_baseline,10,1,True
newcand_2076,True,popularity_baseline,10,2,True
newcand_2077,True,popularity_baseline,10,1,True
newcand_2078,True,popularity_baseline,10,1,True
newcand_2079,True,popularity_baseline,10,1,True
newcand_2080,True,popularity_baseline,10,3,True
newcand_2081,True,popularity_baseline,10,0,False
newcand_2082,True,popularity_baseline,10,0,False
newcand_2083,True,popularity_baseline,10,2,True
newcand_2084,False,popularity_baseline,10,0,False
newcand_2085,True,popularity_baseline,10,2,True
newcand_2086,False,popularity_baseline,10,0,False
newcand_2087,True,popularity_baseline,10,0,False
newcand_2088,True,popularity_baseline,10,0,False
newcand_2089,True,popularity_baseline,10,2,True
newcand_2090,False,popularity_baseline,10,0,False
newcand_2091,True,popularity_baseline,10,2,True
newcand_2092,True,popularity_baseline,10,0,False
newcand_2093,True,popularity_baseline,10,2,True
newcand_2094,True,popularity_baseline,10,1,True
newcand_2095,True,popularity_baseline,10,1,True
newcand_2096,True,popularity_baseline,10,3,True
newcand_2097,True,popularity_baseline,10,1,True
newcand_2098,True,popularity_baseline,10,3,True
newcand_2099,True,popularity_baseline,10,1,True
newcand_2100,True,popularity_baseline,10,1,True
newcand_2101,True,popularity_baseline,10,1,True
newcand_2102,True,popularity_baseline,10,1,True
newcand_2103,True,popularity_baseline,10,2,True
newcand_2104,True,popularity_baseline,10,2,True
newcand_2105,True,popularity_baseline,10,1,True
newcand_2106,True,popularity_baseline,10,4,True
newcand_2107,True,popularity_baseline,10,0,False
newcand_2108,True,popularity_baseline,10,2,True
newcand_2109,True,popularity_baseline,10,0,False
newcand_2110,True,popularity_baseline,10,1,True
newcand_2111,True,popularity_baseline,10,0,False
newcand_2112,True,popularity_baseline,10,1,True
newcand_2113,False,popularity_baseline,10,1,True
newcand_2114,True,popularity_baseline,10,3,True
newcand_2115,True,popularity_baseline,10,3,True
newcand_2116,True,popularity_baseline,10,2,True
newcand_2117,True,popularity_baseline,10,1,True
newcand_2118,True,popularity_baseline,10,1,True
newcand_2119,True,popularity_baseline,10,0,False
newcand_2120,True,popularity_baseline,10,1,True
newcand_2121,True,popularity_baseline,10,3,True
newcand_2122,True,popularity_baseline,10,2,True
newcand_2123,True,popularity_baseline,10,2,True
newcand_2124,True,popularity_baseline,10,1,True
newcand_2125,True,popularity_baseline,10,1,True
newcand_2126,True,popularity_baseline,10,0,False
newcand_2127,True,popularity_baseline,10,1,True
newcand_2128,True,popularity_baseline,10,2,True
newcand_2129,True,popularity_baseline,10,0,False
newcand_2130,True,popularity_baseline,10,0,False
newcand_2131,True,popularity_baseline,10,1,True
newcand_2132,True,popularity_baseline,10,1,True
newcand_2133,True,popularity_baseline,10,1,True
newcand_2134,True,popularity_baseline,10,0,False
newcand_2135,True,popularity_baseline,10,1,True
newcand_2136,True,popularity_baseline,10,3,True
newcand_2137,True,popularity_baseline,10,0,False
newcand_2138,True,popularity_baseline,10,1,True
newcand_2139,True,popularity_baseline,10,3,True
newcand_2140,False,popularity_baseline,10,0,False
newcand_2141,True,popularity_baseline,10,1,True
newcand_2142,True,popularity_baseline,10,0,False
newcand_2143,True,popularity_baseline,10,0,False
newcand_2144,True,popularity_baseline,10,1,True
newcand_2145,True,popularity_baseline,10,1,True
newcand_2146,True,popularity_baseline,10,0,False
newcand_2147,True,popularity_baseline,10,0,False
newcand_2148,True,popularity_baseline,10,3,True
newcand_2149,True,popularity_baseline,10,1,True
newcand_2150,True,popularity_baseline,10,0,False
newcand_2151,True,popularity_baseline,10,2,True
newcand_2152,True,popularity_baseline,10,2,True
newcand_2153,True,popularity_baseline,10,1,True
newcand_2154,True,popularity_baseline,10,0,False
newcand_2155,True,popularity_baseline,10,1,True
newcand_2156,True,popularity_baseline,10,0,False
newcand_2157,True,popularity_baseline,10,1,True
newcand_2158,True,popularity_baseline,10,0,False
newcand_2159,False,popularity_baseline,10,0,False
newcand_2160,True,popularity_baseline,10,2,True
newcand_2161,True,popularity_baseline,10,1,True
newcand_2162,True,popularity_baseline,10,1,True
newcand_2163,True,popularity_baseline,10,0,False
newcand_2164,True,popularity_baseline,10,0,False
newcand_2165,True,popularity_baseline,10,0,False
newcand_2166,True,popularity_baseline,10,2,True
newcand_2167,True,popularity_baseline,10,4,True
newcand_2168,True,popularity_baseline,10,1,True
newcand_2169,True,popularity_baseline,10,0,False
newcand_2170,True,popularity_baseline,10,0,False
newcand_2171,True,popularity_baseline,10,3,True
newcand_2172,False,popularity_baseline,10,0,False
newcand_2173,False,popularity_baseline,10,0,False
newcand_2174,True,popularity_baseline,10,4,True
newcand_2175,True,popularity_baseline,10,1,True
newcand_2176,True,popularity_baseline,10,1,True
newcand_2177,True,popularity_baseline,10,2,True
newcand_2178,True,popularity_baseline,10,0,False
newcand_2179,True,popularity_baseline,10,0,False
newcand_2180,True,popularity_baseline,10,1,True
newcand_2181,True,popularity_baseline,10,2,True
newcand_2182,True,popularity_baseline,10,0,False
newcand_2183,True,popularity_baseline,10,1,True
newcand_2184,True,popularity_baseline,10,1,True
newcand_2185,False,popularity_baseline,10,0,False
newcand_2186,True,popularity_baseline,10,0,False
newcand_2187,True,popularity_baseline,10,1,True
newcand_2188,True,popularity_baseline,10,2,True
newcand_2189,True,popularity_baseline,10,2,True
newcand_2190,True,popularity_baseline,10,0,False
newcand_2191,True,popularity_baseline,10,0,False
newcand_2192,True,popularity_baseline,10,1,True
newcand_2193,True,popularity_baseline,10,1,True
newcand_2194,True,popularity_baseline,10,2,True
newcand_2195,True,popularity_baseline,10,3,True
newcand_2196,True,popularity_baseline,10,2,True
newcand_2197,True,popularity_baseline,10,1,True
newcand_2198,True,popularity_baseline,10,1,True
newcand_2199,True,popularity_baseline,10,1,True
newcand_2200,True,popularity_baseline,10,2,True
newcand_2201,True,popularity_baseline,10,1,True
newcand_2202,True,popularity_baseline,10,3,True
newcand_2203,True,popularity_baseline,10,3,True
newcand_2204,True,popularity_baseline,10,2,True
newcand_2205,True,popularity_baseline,10,3,True
newcand_2206,True,popularity_baseline,10,1,True
newcand_2207,True,popularity_baseline,10,1,True
newcand_2208,True,popularity_baseline,10,1,True
newcand_2209,True,popularity_baseline,10,2,True
newcand_2210,True,popularity_baseline,10,2,True
newcand_2211,True,popularity_baseline,10,2,True
newcand_2212,True,popularity_baseline,10,0,False
newcand_2213,True,popularity_baseline,10,0,False
newcand_2214,True,popularity_baseline,10,2,True
newcand_2215,True,popularity_baseline,10,0,False
newcand_2216,True,popularity_baseline,10,2,True
newcand_2217,True,popularity_baseline,10,1,True
newcand_2218,True,popularity_baseline,10,3,True
newcand_2219,True,popularity_baseline,10,1,True
newcand_2220,True,popularity_baseline,10,0,False
newcand_2221,True,popularity_baseline,10,1,True
newcand_2222,True,popularity_baseline,10,1,True
newcand_2223,True,popularity_baseline,10,0,False
newcand_2224,True,popularity_baseline,10,2,True
newcand_2225,True,popularity_baseline,10,0,False
newcand_2226,True,popularity_baseline,10,1,True
newcand_2227,True,popularity_baseline,10,1,True
newcand_2228,True,popularity_baseline,10,2,True
newcand_2229,False,popularity_baseline,10,1,True
newcand_2230,True,popularity_baseline,10,0,False
newcand_2231,True,popularity_baseline,10,1,True
newcand_2232,True,popularity_baseline,10,0,False
newcand_2233,True,popularity_baseline,10,2,True
newcand_2234,True,popularity_baseline,10,1,True
newcand_2235,True,popularity_baseline,10,0,False
newcand_2236,False,popularity_baseline,10,0,False
newcand_2237,True,popularity_baseline,10,1,True
newcand_2238,True,popularity_baseline,10,1,True
newcand_2239,False,popularity_baseline,10,1,True
newcand_2240,True,popularity_baseline,10,2,True
newcand_2241,True,popularity_baseline,10,0,False
newcand_2242,True,popularity_baseline,10,4,True
newcand_2243,True,popularity_baseline,10,0,False
newcand_2244,True,popularity_baseline,10,2,True
newcand_2245,True,popularity_baseline,10,1,True
newcand_2246,True,popularity_baseline,10,0,False
newcand_2247,True,popularity_baseline,10,1,True
newcand_2248,True,popularity_baseline,10,1,True
newcand_2249,True,popularity_baseline,10,1,True
newcand_2250,True,popularity_baseline,10,0,False
newcand_2251,True,popularity_baseline,10,0,False
newcand_2252,False,popularity_baseline,10,2,True
newcand_2253,True,popularity_baseline,10,1,True
newcand_2254,True,popularity_baseline,10,3,True
newcand_2255,True,popularity_baseline,10,0,False
newcand_2256,True,popularity_baseline,10,2,True
newcand_2257,True,popularity_baseline,10,0,False
newcand_2258,True,popularity_baseline,10,2,True
newcand_2259,True,popularity_baseline,10,2,True
newcand_2260,True,popularity_baseline,10,2,True
newcand_2261,True,popularity_baseline,10,0,False
newcand_2262,True,popularity_baseline,10,3,True
newcand_2263,True,popularity_baseline,10,0,False
newcand_2264,True,popularity_baseline,10,1,True
newcand_2265,True,popularity_baseline,10,3,True
newcand_2266,True,popularity_baseline,10,1,True
newcand_2267,True,popularity_baseline,10,2,True
newcand_2268,True,popularity_baseline,10,2,True
newcand_2269,True,popularity_baseline,10,2,True
newcand_2270,False,popularity_baseline,10,0,False
newcand_2271,True,popularity_baseline,10,0,False
newcand_2272,True,popularity_baseline,10,0,False
newcand_2273,True,popularity_baseline,10,0,False
newcand_2274,True,popularity_baseline,10,2,True
newcand_2275,True,popularity_baseline,10,2,True
newcand_2276,False,popularity_baseline,10,0,False
newcand_2277,True,popularity_baseline,10,0,False
newcand_2278,False,popularity_baseline,10,1,True
newcand_2279,True,popularity_baseline,10,3,True
newcand_2280,True,popularity_baseline,10,2,True
newcand_2281,True,popularity_baseline,10,1,True
newcand_2282,True,popularity_baseline,10,1,True
newcand_2283,False,popularity_baseline,10,0,False
newcand_2284,True,popularity_baseline,10,2,True
newcand_2285,True,popularity_baseline,10,1,True
newcand_2286,True,popularity_baseline,10,2,True
newcand_2287,True,popularity_baseline,10,1,True
newcand_2288,True,popularity_baseline,10,1,True
newcand_2289,True,popularity_baseline,10,1,True
newcand_2290,True,popularity_baseline,10,0,False
newcand_2291,True,popularity_baseline,10,1,True
newcand_2292,True,popularity_baseline,10,1,True
newcand_2293,True,popularity_baseline,10,0,False
newcand_2294,True,popularity_baseline,10,0,False
newcand_2295,True,popularity_baseline,10,1,True
newcand_2296,True,popularity_baseline,10,1,True
newcand_2297,True,popularity_baseline,10,1,True
newcand_2298,False,popularity_baseline,10,1,True
newcand_2299,True,popularity_baseline,10,0,False
newcand_2300,True,popularity_baseline,10,2,True
newcand_2301,True,popularity_baseline,10,0,False
newcand_2302,True,popularity_baseline,10,0,False
newcand_2303,True,popularity_baseline,10,0,False
newcand_2304,True,popularity_baseline,10,3,True
newcand_2305,True,popularity_baseline,10,1,True
newcand_2306,True,popularity_baseline,10,1,True
newcand_2307,True,popularity_baseline,10,1,True
newcand_2308,True,popularity_baseline,10,0,False
newcand_2309,False,popularity_baseline,10,0,False
newcand_2310,False,popularity_baseline,10,0,False
newcand_2311,True,popularity_baseline,10,0,False
newcand_2312,True,popularity_baseline,10,1,True
newcand_2313,True,popularity_baseline,10,0,False
newcand_2314,True,popularity_baseline,10,0,False
newcand_2315,True,popularity_baseline,10,0,False
newcand_2316,True,popularity_baseline,10,1,True
newcand_2317,True,popularity_baseline,10,2,True
newcand_2318,True,popularity_baseline,10,0,False
newcand_2319,True,popularity_baseline,10,3,True
newcand_2320,True,popularity_baseline,10,1,True
newcand_2321,True,popularity_baseline,10,2,True
newcand_2322,True,popularity_baseline,10,1,True
newcand_2323,True,popularity_baseline,10,1,True
newcand_2324,True,popularity_baseline,10,2,True
newcand_2325,True,popularity_baseline,10,1,True
newcand_2326,True,popularity_baseline,10,2,True
newcand_2327,True,popularity_baseline,10,1,True
newcand_2328,True,popularity_baseline,10,5,True
newcand_2329,True,popularity_baseline,10,1,True
newcand_2330,True,popularity_baseline,10,1,True
newcand_2331,True,popularity_baseline,10,0,False
newcand_2332,True,popularity_baseline,10,0,False
newcand_2333,False,popularity_baseline,10,0,False
newcand_2334,True,popularity_baseline,10,1,True
newcand_2335,True,popularity_baseline,10,0,False
newcand_2336,True,popularity_baseline,10,0,False
newcand_2337,True,popularity_baseline,10,3,True
newcand_2338,True,popularity_baseline,10,1,True
newcand_2339,True,popularity_baseline,10,2,True
newcand_2340,True,popularity_baseline,10,0,False
newcand_2341,True,popularity_baseline,10,3,True
newcand_2342,True,popularity_baseline,10,1,True
newcand_2343,True,popularity_baseline,10,1,True
newcand_2344,True,popularity_baseline,10,1,True
newcand_2345,True,popularity_baseline,10,1,True
newcand_2346,True,popularity_baseline,10,1,True
newcand_2347,True,popularity_baseline,10,1,True
newcand_2348,True,popularity_baseline,10,0,False
newcand_2349,True,popularity_baseline,10,2,True
newcand_2350,True,popularity_baseline,10,0,False
newcand_2351,True,popularity_baseline,10,3,True
newcand_2352,True,popularity_baseline,10,1,True
newcand_2353,True,popularity_baseline,10,0,False
newcand_2354,True,popularity_baseline,10,0,False
newcand_2355,True,popularity_baseline,10,0,False
newcand_2356,True,popularity_baseline,10,2,True
newcand_2357,False,popularity_baseline,10,1,True
newcand_2358,True,popularity_baseline,10,3,True
newcand_2359,True,popularity_baseline,10,0,False
newcand_2360,False,popularity_baseline,10,1,True
newcand_2361,False,popularity_baseline,10,1,True
newcand_2362,True,popularity_baseline,10,0,False
newcand_2363,True,popularity_baseline,10,3,True
newcand_2364,False,popularity_baseline,10,1,True
newcand_2365,False,popularity_baseline,10,0,False
newcand_2366,True,popularity_baseline,10,1,True
newcand_2367,True,popularity_baseline,10,1,True
newcand_2368,True,popularity_baseline,10,0,False
newcand_2369,True,popularity_baseline,10,0,False
newcand_2370,True,popularity_baseline,10,0,False
newcand_2371,True,popularity_baseline,10,1,True
newcand_2372,True,popularity_baseline,10,1,True
newcand_2373,True,popularity_baseline,10,0,False
newcand_2374,True,popularity_baseline,10,0,False
newcand_2375,False,popularity_baseline,10,0,False
newcand_2376,True,popularity_baseline,10,2,True
newcand_2377,True,popularity_baseline,10,2,True
newcand_2378,True,popularity_baseline,10,0,False
newcand_2379,True,popularity_baseline,10,1,True
newcand_2380,True,popularity_baseline,10,1,True
newcand_2381,True,popularity_baseline,10,2,True
newcand_2382,True,popularity_baseline,10,4,True
newcand_2383,True,popularity_baseline,10,0,False
newcand_2384,True,popularity_baseline,10,3,True
newcand_2385,True,popularity_baseline,10,4,True
newcand_2386,True,popularity_baseline,10,2,True
newcand_2387,True,popularity_baseline,10,0,False
newcand_2388,True,popularity_baseline,10,2,True
newcand_2389,True,popularity_baseline,10,1,True
newcand_2390,True,popularity_baseline,10,3,True
newcand_2391,True,popularity_baseline,10,2,True
newcand_2392,True,popularity_baseline,10,1,True
newcand_2393,True,popularity_baseline,10,3,True
newcand_2394,True,popularity_baseline,10,2,True
newcand_2395,False,popularity_baseline,10,1,True
newcand_2396,True,popularity_baseline,10,1,True
newcand_2397,True,popularity_baseline,10,1,True
newcand_2398,True,popularity_baseline,10,1,True
newcand_2399,True,popularity_baseline,10,1,True
newcand_2400,True,popularity_baseline,10,0,False
newcand_2401,True,popularity_baseline,10,0,False
newcand_2402,True,popularity_baseline,10,1,True
newcand_2403,True,popularity_baseline,10,1,True
newcand_2404,True,popularity_baseline,10,0,False
newcand_2405,True,popularity_baseline,10,1,True
newcand_2406,True,popularity_baseline,10,3,True
newcand_2407,True,popularity_baseline,10,0,False
newcand_2408,True,popularity_baseline,10,1,True
newcand_2409,True,popularity_baseline,10,1,True
newcand_2410,True,popularity_baseline,10,0,False
newcand_2411,False,popularity_baseline,10,2,True
newcand_2412,True,popularity_baseline,10,0,False
newcand_2413,True,popularity_baseline,10,1,True
newcand_2414,True,popularity_baseline,10,1,True
newcand_2415,True,popularity_baseline,10,0,False
newcand_2416,True,popularity_baseline,10,0,False
newcand_2417,True,popularity_baseline,10,2,True
newcand_2418,True,popularity_baseline,10,1,True
newcand_2419,True,popularity_baseline,10,0,False
newcand_2420,True,popularity_baseline,10,2,True
newcand_2421,True,popularity_baseline,10,1,True
newcand_2422,True,popularity_baseline,10,1,True
newcand_2423,True,popularity_baseline,10,1,True
newcand_2424,True,popularity_baseline,10,1,True
newcand_2425,True,popularity_baseline,10,0,False
newcand_2426,False,popularity_baseline,10,0,False
newcand_2427,True,popularity_baseline,10,1,True
newcand_2428,True,popularity_baseline,10,2,True
newcand_2429,True,popularity_baseline,10,1,True
newcand_2430,True,popularity_baseline,10,1,True
newcand_2431,True,popularity_baseline,10,0,False
newcand_2432,False,popularity_baseline,10,0,False
newcand_2433,True,popularity_baseline,10,2,True
newcand_2434,True,popularity_baseline,10,1,True
newcand_2435,True,popularity_baseline,10,0,False
newcand_2436,True,popularity_baseline,10,1,True
newcand_2437,True,popularity_baseline,10,1,True
newcand_2438,True,popularity_baseline,10,2,True
newcand_2439,True,popularity_baseline,10,2,True
newcand_2440,True,popularity_baseline,10,1,True
newcand_2441,True,popularity_baseline,10,0,False
newcand_2442,False,popularity_baseline,10,0,False
newcand_2443,True,popularity_baseline,10,2,True
newcand_2444,False,popularity_baseline,10,1,True
newcand_2445,True,popularity_baseline,10,0,False
newcand_2446,True,popularity_baseline,10,0,False
newcand_2447,True,popularity_baseline,10,2,True
newcand_2448,True,popularity_baseline,10,0,False
newcand_2449,False,popularity_baseline,10,0,False
newcand_2450,True,popularity_baseline,10,3,True
newcand_2451,True,popularity_baseline,10,2,True
newcand_2452,True,popularity_baseline,10,0,False
newcand_2453,True,popularity_baseline,10,2,True
newcand_2454,False,popularity_baseline,10,0,False
newcand_2455,True,popularity_baseline,10,0,False
newcand_2456,True,popularity_baseline,10,2,True
newcand_2457,True,popularity_baseline,10,2,True
newcand_2458,True,popularity_baseline,10,1,True
newcand_2459,True,popularity_baseline,10,2,True
newcand_2460,False,popularity_baseline,10,0,False
newcand_2461,True,popularity_baseline,10,3,True
newcand_2462,True,popularity_baseline,10,2,True
newcand_2463,True,popularity_baseline,10,0,False
newcand_2464,True,popularity_baseline,10,2,True
newcand_2465,True,popularity_baseline,10,0,False
newcand_2466,True,popularity_baseline,10,0,False
newcand_2467,True,popularity_baseline,10,1,True
newcand_2468,False,popularity_baseline,10,0,False
newcand_2469,True,popularity_baseline,10,2,True
newcand_2470,True,popularity_baseline,10,1,True
newcand_2471,True,popularity_baseline,10,1,True
newcand_2472,True,popularity_baseline,10,2,True
newcand_2473,True,popularity_baseline,10,2,True
newcand_2474,True,popularity_baseline,10,0,False
newcand_2475,True,popularity_baseline,10,1,True
newcand_2476,True,popularity_baseline,10,0,False
newcand_2477,True,popularity_baseline,10,3,True
newcand_2478,True,popularity_baseline,10,2,True
newcand_2479,True,popularity_baseline,10,3,True
newcand_2480,True,popularity_baseline,10,1,True
newcand_2481,True,popularity_baseline,10,1,True
newcand_2482,True,popularity_baseline,10,1,True
newcand_2483,True,popularity_baseline,10,3,True
newcand_2484,True,popularity_baseline,10,2,True
newcand_2485,True,popularity_baseline,10,2,True
newcand_2486,True,popularity_baseline,10,0,False
newcand_2487,True,popularity_baseline,10,2,True
newcand_2488,True,popularity_baseline,10,0,False
newcand_2489,True,popularity_baseline,10,1,True
newcand_2490,True,popularity_baseline,10,0,False
newcand_2491,False,popularity_baseline,10,2,True
newcand_2492,True,popularity_baseline,10,1,True
newcand_2493,True,popularity_baseline,10,1,True
newcand_2494,True,popularity_baseline,10,2,True
newcand_2495,True,popularity_baseline,10,2,True
newcand_2496,True,popularity_baseline,10,2,True
newcand_2497,True,popularity_baseline,10,1,True
newcand_2498,True,popularity_baseline,10,2,True
newcand_2499,True,popularity_baseline,10,2,True
newcand_2500,True,popularity_baseline,10,2,True
newcand_2501,True,popularity_baseline,10,2,True
newcand_2502,True,popularity_baseline,10,2,True
newcand_2503,True,popularity_baseline,10,0,False
newcand_2504,True,popularity_baseline,10,2,True
newcand_2505,True,popularity_baseline,10,0,False
newcand_2506,True,popularity_baseline,10,1,True
newcand_2507,True,popularity_baseline,10,0,False
newcand_2508,True,popularity_baseline,10,2,True
newcand_2509,True,popularity_baseline,10,2,True
newcand_2510,True,popularity_baseline,10,2,True
newcand_2511,True,popularity_baseline,10,1,True
newcand_2512,True,popularity_baseline,10,2,True
newcand_2513,True,popularity_baseline,10,0,False
newcand_2514,True,popularity_baseline,10,1,True
newcand_2515,True,popularity_baseline,10,0,False
newcand_2516,True,popularity_baseline,10,1,True
newcand_2517,False,popularity_baseline,10,0,False
newcand_2518,True,popularity_baseline,10,1,True
newcand_2519,True,popularity_baseline,10,0,False
newcand_2520,True,popularity_baseline,10,0,False
newcand_2521,True,popularity_baseline,10,0,False
newcand_2522,True,popularity_baseline,10,0,False
newcand_2523,True,popularity_baseline,10,0,False
newcand_2524,True,popularity_baseline,10,0,False
newcand_2525,True,popularity_baseline,10,1,True
newcand_2526,True,popularity_baseline,10,1,True
newcand_2527,True,popularity_baseline,10,3,True
newcand_2528,True,popularity_baseline,10,1,True
newcand_2529,True,popularity_baseline,10,0,False
newcand_2530,True,popularity_baseline,10,2,True
newcand_2531,True,popularity_baseline,10,1,True
newcand_2532,True,popularity_baseline,10,1,True
newcand_2533,True,popularity_baseline,10,0,False
newcand_2534,True,popularity_baseline,10,0,False
newcand_2535,True,popularity_baseline,10,1,True
newcand_2536,True,popularity_baseline,10,0,False
newcand_2537,True,popularity_baseline,10,1,True
newcand_2538,True,popularity_baseline,10,2,True
newcand_2539,True,popularity_baseline,10,3,True
newcand_2540,True,popularity_baseline,10,0,False
newcand_2541,True,popularity_baseline,10,2,True
newcand_2542,True,popularity_baseline,10,2,True
newcand_2543,False,popularity_baseline,10,1,True
newcand_2544,True,popularity_baseline,10,1,True
newcand_2545,True,popularity_baseline,10,2,True
newcand_2546,True,popularity_baseline,10,1,True
newcand_2547,True,popularity_baseline,10,0,False
newcand_2548,True,popularity_baseline,10,0,False
newcand_2549,True,popularity_baseline,10,1,True
newcand_2550,True,popularity_baseline,10,1,True
newcand_2551,True,popularity_baseline,10,1,True
newcand_2552,False,popularity_baseline,10,0,False
newcand_2553,True,popularity_baseline,10,1,True
newcand_2554,True,popularity_baseline,10,2,True
newcand_2555,True,popularity_baseline,10,2,True
newcand_2556,True,popularity_baseline,10,0,False
newcand_2557,True,popularity_baseline,10,2,True
newcand_2558,True,popularity_baseline,10,0,False
newcand_2559,True,popularity_baseline,10,0,False
newcand_2560,True,popularity_baseline,10,0,False
newcand_2561,True,popularity_baseline,10,1,True
newcand_2562,True,popularity_baseline,10,1,True
newcand_2563,True,popularity_baseline,10,3,True
newcand_2564,True,popularity_baseline,10,2,True
newcand_2565,False,popularity_baseline,10,0,False
newcand_2566,True,popularity_baseline,10,2,True
newcand_2567,True,popularity_baseline,10,1,True
newcand_2568,True,popularity_baseline,10,2,True
newcand_2569,True,popularity_baseline,10,2,True
newcand_2570,True,popularity_baseline,10,1,True
newcand_2571,False,popularity_baseline,10,0,False
newcand_2572,True,popularity_baseline,10,3,True
newcand_2573,True,popularity_baseline,10,2,True
newcand_2574,True,popularity_baseline,10,0,False
newcand_2575,True,popularity_baseline,10,0,False
newcand_2576,True,popularity_baseline,10,3,True
newcand_2577,True,popularity_baseline,10,0,False
newcand_2578,True,popularity_baseline,10,1,True
newcand_2579,True,popularity_baseline,10,0,False
newcand_2580,True,popularity_baseline,10,0,False
newcand_2581,True,popularity_baseline,10,2,True
newcand_2582,True,popularity_baseline,10,0,False
newcand_2583,True,popularity_baseline,10,5,True
newcand_2584,True,popularity_baseline,10,2,True
newcand_2585,True,popularity_baseline,10,0,False
newcand_2586,True,popularity_baseline,10,1,True
newcand_2587,True,popularity_baseline,10,1,True
newcand_2588,True,popularity_baseline,10,2,True
newcand_2589,True,popularity_baseline,10,1,True
newcand_2590,True,popularity_baseline,10,2,True
newcand_2591,True,popularity_baseline,10,2,True
newcand_2592,True,popularity_baseline,10,1,True
newcand_2593,True,popularity_baseline,10,0,False
newcand_2594,True,popularity_baseline,10,1,True
newcand_2595,True,popularity_baseline,10,1,True
newcand_2596,True,popularity_baseline,10,2,True
newcand_2597,True,popularity_baseline,10,2,True
newcand_2598,True,popularity_baseline,10,0,False
newcand_2599,True,popularity_baseline,10,4,True
newcand_2600,True,popularity_baseline,10,2,True
newcand_2601,True,popularity_baseline,10,0,False
newcand_2602,True,popularity_baseline,10,1,True
newcand_2603,True,popularity_baseline,10,0,False
newcand_2604,True,popularity_baseline,10,2,True
newcand_2605,True,popularity_baseline,10,2,True
newcand_2606,True,popularity_baseline,10,2,True
newcand_2607,True,popularity_baseline,10,1,True
newcand_2608,True,popularity_baseline,10,2,True
newcand_2609,True,popularity_baseline,10,0,False
newcand_2610,True,popularity_baseline,10,0,False
newcand_2611,True,popularity_baseline,10,1,True
newcand_2612,True,popularity_baseline,10,0,False
newcand_2613,True,popularity_baseline,10,0,False
newcand_2614,True,popularity_baseline,10,2,True
newcand_2615,True,popularity_baseline,10,0,False
newcand_2616,True,popularity_baseline,10,1,True
newcand_2617,True,popularity_baseline,10,5,True
newcand_2618,True,popularity_baseline,10,0,False
newcand_2619,True,popularity_baseline,10,0,False
newcand_2620,True,popularity_baseline,10,0,False
newcand_2621,True,popularity_baseline,10,0,False
newcand_2622,True,popularity_baseline,10,2,True
newcand_2623,True,popularity_baseline,10,2,True
newcand_2624,True,popularity_baseline,10,3,True
newcand_2625,True,popularity_baseline,10,2,True
newcand_2626,True,popularity_baseline,10,1,True
newcand_2627,True,popularity_baseline,10,2,True
newcand_2628,True,popularity_baseline,10,0,False
newcand_2629,True,popularity_baseline,10,3,True
newcand_2630,True,popularity_baseline,10,0,False
newcand_2631,True,popularity_baseline,10,1,True
newcand_2632,True,popularity_baseline,10,2,True
newcand_2633,False,popularity_baseline,10,3,True
newcand_2634,True,popularity_baseline,10,1,True
newcand_2635,True,popularity_baseline,10,2,True
newcand_2636,True,popularity_baseline,10,1,True
newcand_2637,True,popularity_baseline,10,0,False
newcand_2638,True,popularity_baseline,10,3,True
newcand_2639,True,popularity_baseline,10,0,False
newcand_2640,True,popularity_baseline,10,1,True
newcand_2641,True,popularity_baseline,10,1,True
newcand_2642,True,popularity_baseline,10,1,True
newcand_2643,True,popularity_baseline,10,2,True
newcand_2644,True,popularity_baseline,10,2,True
newcand_2645,True,popularity_baseline,10,0,False
newcand_2646,True,popularity_baseline,10,1,True
newcand_2647,True,popularity_baseline,10,0,False
newcand_2648,True,popularity_baseline,10,0,False
newcand_2649,True,popularity_baseline,10,2,True
newcand_2650,False,popularity_baseline,10,0,False
newcand_2651,True,popularity_baseline,10,0,False
newcand_2652,True,popularity_baseline,10,0,False
newcand_2653,True,popularity_baseline,10,1,True
newcand_2654,True,popularity_baseline,10,2,True
newcand_2655,True,popularity_baseline,10,2,True
newcand_2656,True,popularity_baseline,10,0,False
newcand_2657,True,popularity_baseline,10,1,True
newcand_2658,True,popularity_baseline,10,3,True
newcand_2659,True,popularity_baseline,10,1,True
newcand_2660,True,popularity_baseline,10,0,False
newcand_2661,True,popularity_baseline,10,0,False
newcand_2662,True,popularity_baseline,10,1,True
newcand_2663,False,popularity_baseline,10,2,True
newcand_2664,True,popularity_baseline,10,0,False
newcand_2665,True,popularity_baseline,10,3,True
newcand_2666,True,popularity_baseline,10,1,True
newcand_2667,True,popularity_baseline,10,1,True
newcand_2668,True,popularity_baseline,10,2,True
newcand_2669,True,popularity_baseline,10,1,True
newcand_2670,True,popularity_baseline,10,2,True
newcand_2671,True,popularity_baseline,10,1,True
newcand_2672,True,popularity_baseline,10,0,False
newcand_2673,True,popularity_baseline,10,2,True
newcand_2674,True,popularity_baseline,10,1,True
newcand_2675,True,popularity_baseline,10,0,False
newcand_2676,True,popularity_baseline,10,3,True
newcand_2677,True,popularity_baseline,10,1,True
newcand_2678,True,popularity_baseline,10,4,True
newcand_2679,True,popularity_baseline,10,1,True
newcand_2680,True,popularity_baseline,10,0,False
newcand_2681,True,popularity_baseline,10,0,False
newcand_2682,True,popularity_baseline,10,1,True
newcand_2683,True,popularity_baseline,10,4,True
newcand_2684,True,popularity_baseline,10,2,True
newcand_2685,True,popularity_baseline,10,0,False
newcand_2686,True,popularity_baseline,10,1,True
newcand_2687,False,popularity_baseline,10,0,False
newcand_2688,True,popularity_baseline,10,3,True
newcand_2689,True,popularity_baseline,10,0,False
newcand_2690,False,popularity_baseline,10,0,False
newcand_2691,True,popularity_baseline,10,0,False
newcand_2692,True,popularity_baseline,10,0,False
newcand_2693,True,popularity_baseline,10,3,True
newcand_2694,True,popularity_baseline,10,1,True
newcand_2695,True,popularity_baseline,10,0,False
newcand_2696,True,popularity_baseline,10,1,True
newcand_2697,True,popularity_baseline,10,2,True
newcand_2698,False,popularity_baseline,10,0,False
newcand_2699,True,popularity_baseline,10,2,True
newcand_2700,True,popularity_baseline,10,3,True
newcand_2701,True,popularity_baseline,10,1,True
newcand_2702,True,popularity_baseline,10,1,True
newcand_2703,False,popularity_baseline,10,0,False
newcand_2704,True,popularity_baseline,10,2,True
newcand_2705,True,popularity_baseline,10,1,True
newcand_2706,False,popularity_baseline,10,1,True
newcand_2707,True,popularity_baseline,10,0,False
newcand_2708,True,popularity_baseline,10,2,True
newcand_2709,True,popularity_baseline,10,1,True
newcand_2710,True,popularity_baseline,10,3,True
newcand_2711,True,popularity_baseline,10,2,True
newcand_2712,True,popularity_baseline,10,1,True
newcand_2713,True,popularity_baseline,10,0,False
newcand_2714,True,popularity_baseline,10,2,True
newcand_2715,True,popularity_baseline,10,2,True
newcand_2716,True,popularity_baseline,10,2,True
newcand_2717,True,popularity_baseline,10,0,False
newcand_2718,False,popularity_baseline,10,1,True
newcand_2719,True,popularity_baseline,10,0,False
newcand_2720,True,popularity_baseline,10,0,False
newcand_2721,True,popularity_baseline,10,2,True
newcand_2722,True,popularity_baseline,10,1,True
newcand_2723,True,popularity_baseline,10,1,True
newcand_2724,True,popularity_baseline,10,1,True
newcand_2725,True,popularity_baseline,10,2,True
newcand_2726,True,popularity_baseline,10,2,True
newcand_2727,True,popularity_baseline,10,0,False
newcand_2728,True,popularity_baseline,10,1,True
newcand_2729,True,popularity_baseline,10,2,True
newcand_2730,True,popularity_baseline,10,3,True
newcand_2731,True,popularity_baseline,10,0,False
newcand_2732,True,popularity_baseline,10,1,True
newcand_2733,True,popularity_baseline,10,1,True
newcand_2734,True,popularity_baseline,10,2,True
newcand_2735,False,popularity_baseline,10,4,True
newcand_2736,True,popularity_baseline,10,1,True
newcand_2737,True,popularity_baseline,10,3,True
newcand_2738,True,popularity_baseline,10,2,True
newcand_2739,True,popularity_baseline,10,1,True
newcand_2740,True,popularity_baseline,10,2,True
newcand_2741,True,popularity_baseline,10,0,False
newcand_2742,True,popularity_baseline,10,2,True
newcand_2743,True,popularity_baseline,10,0,False
newcand_2744,True,popularity_baseline,10,1,True
newcand_2745,True,popularity_baseline,10,0,False
newcand_2746,True,popularity_baseline,10,1,True
newcand_2747,True,popularity_baseline,10,4,True
newcand_2748,True,popularity_baseline,10,1,True
newcand_2749,True,popularity_baseline,10,2,True
newcand_2750,True,popularity_baseline,10,0,False
newcand_2751,True,popularity_baseline,10,0,False
newcand_2752,True,popularity_baseline,10,4,True
newcand_2753,True,popularity_baseline,10,1,True
newcand_2754,True,popularity_baseline,10,0,False
newcand_2755,True,popularity_baseline,10,1,True
newcand_2756,True,popularity_baseline,10,1,True
newcand_2757,True,popularity_baseline,10,2,True
newcand_2758,True,popularity_baseline,10,2,True
newcand_2759,True,popularity_baseline,10,3,True
newcand_2760,False,popularity_baseline,10,0,False
newcand_2761,True,popularity_baseline,10,0,False
newcand_2762,False,popularity_baseline,10,1,True
newcand_2763,True,popularity_baseline,10,1,True
newcand_2764,True,popularity_baseline,10,0,False
newcand_2765,True,popularity_baseline,10,4,True
newcand_2766,True,popularity_baseline,10,2,True
newcand_2767,True,popularity_baseline,10,2,True
newcand_2768,True,popularity_baseline,10,3,True
newcand_2769,True,popularity_baseline,10,2,True
newcand_2770,True,popularity_baseline,10,3,True
newcand_2771,True,popularity_baseline,10,0,False
newcand_2772,True,popularity_baseline,10,0,False
newcand_2773,True,popularity_baseline,10,0,False
newcand_2774,False,popularity_baseline,10,0,False
newcand_2775,True,popularity_baseline,10,1,True
newcand_2776,True,popularity_baseline,10,1,True
newcand_2777,True,popularity_baseline,10,2,True
newcand_2778,True,popularity_baseline,10,1,True
newcand_2779,True,popularity_baseline,10,2,True
newcand_2780,True,popularity_baseline,10,2,True
newcand_2781,True,popularity_baseline,10,1,True
newcand_2782,True,popularity_baseline,10,1,True
newcand_2783,True,popularity_baseline,10,2,True
newcand_2784,True,popularity_baseline,10,3,True
newcand_2785,True,popularity_baseline,10,1,True
newcand_2786,True,popularity_baseline,10,2,True
newcand_2787,True,popularity_baseline,10,1,True
newcand_2788,True,popularity_baseline,10,0,False
newcand_2789,True,popularity_baseline,10,1,True
newcand_2790,True,popularity_baseline,10,0,False
newcand_2791,True,popularity_baseline,10,0,False
newcand_2792,True,popularity_baseline,10,2,True
newcand_2793,True,popularity_baseline,10,2,True
newcand_2794,True,popularity_baseline,10,0,False
newcand_2795,True,popularity_baseline,10,1,True
newcand_2796,True,popularity_baseline,10,4,True
newcand_2797,True,popularity_baseline,10,1,True
newcand_2798,True,popularity_baseline,10,0,False
newcand_2799,True,popularity_baseline,10,3,True
newcand_2800,True,popularity_baseline,10,2,True
newcand_2801,True,popularity_baseline,10,0,False
newcand_2802,True,popularity_baseline,10,1,True
newcand_2803,True,popularity_baseline,10,3,True
newcand_2804,True,popularity_baseline,10,0,False
newcand_2805,True,popularity_baseline,10,2,True
newcand_2806,True,popularity_baseline,10,0,False
newcand_2807,True,popularity_baseline,10,1,True
newcand_2808,True,popularity_baseline,10,1,True
newcand_2809,True,popularity_baseline,10,2,True
newcand_2810,True,popularity_baseline,10,2,True
newcand_2811,True,popularity_baseline,10,0,False
newcand_2812,True,popularity_baseline,10,2,True
newcand_2813,True,popularity_baseline,10,3,True
newcand_2814,True,popularity_baseline,10,2,True
newcand_2815,True,popularity_baseline,10,0,False
newcand_2816,True,popularity_baseline,10,1,True
newcand_2817,True,popularity_baseline,10,1,True
newcand_2818,True,popularity_baseline,10,0,False
newcand_2819,False,popularity_baseline,10,1,True
newcand_2820,False,popularity_baseline,10,1,True
newcand_2821,True,popularity_baseline,10,2,True
newcand_2822,True,popularity_baseline,10,1,True
newcand_2823,True,popularity_baseline,10,2,True
newcand_2824,True,popularity_baseline,10,0,False
newcand_2825,True,popularity_baseline,10,0,False
newcand_2826,True,popularity_baseline,10,3,True
newcand_2827,True,popularity_baseline,10,1,True
newcand_2828,True,popularity_baseline,10,0,False
newcand_2829,True,popularity_baseline,10,1,True
newcand_2830,True,popularity_baseline,10,1,True
newcand_2831,False,popularity_baseline,10,1,True
newcand_2832,True,popularity_baseline,10,0,False
newcand_2833,False,popularity_baseline,10,1,True
newcand_2834,True,popularity_baseline,10,1,True
newcand_2835,True,popularity_baseline,10,1,True
newcand_2836,False,popularity_baseline,10,0,False
newcand_2837,True,popularity_baseline,10,0,False
newcand_2838,True,popularity_baseline,10,1,True
newcand_2839,True,popularity_baseline,10,2,True
newcand_2840,True,popularity_baseline,10,2,True
newcand_2841,True,popularity_baseline,10,3,True
newcand_2842,True,popularity_baseline,10,0,False
newcand_2843,True,popularity_baseline,10,2,True
newcand_2844,True,popularity_baseline,10,0,False
newcand_2845,True,popularity_baseline,10,1,True
newcand_2846,True,popularity_baseline,10,2,True
newcand_2847,True,popularity_baseline,10,0,False
newcand_2848,False,popularity_baseline,10,0,False
newcand_2849,True,popularity_baseline,10,0,False
newcand_2850,True,popularity_baseline,10,0,False
newcand_2851,True,popularity_baseline,10,1,True
newcand_2852,True,popularity_baseline,10,1,True
newcand_2853,True,popularity_baseline,10,5,True
newcand_2854,True,popularity_baseline,10,2,True
newcand_2855,True,popularity_baseline,10,0,False
newcand_2856,True,popularity_baseline,10,0,False
newcand_2857,True,popularity_baseline,10,0,False
newcand_2858,False,popularity_baseline,10,0,False
newcand_2859,True,popularity_baseline,10,1,True
newcand_2860,True,popularity_baseline,10,0,False
newcand_2861,True,popularity_baseline,10,4,True
newcand_2862,True,popularity_baseline,10,3,True
newcand_2863,True,popularity_baseline,10,0,False
newcand_2864,False,popularity_baseline,10,1,True
newcand_2865,True,popularity_baseline,10,0,False
newcand_2866,True,popularity_baseline,10,1,True
newcand_2867,True,popularity_baseline,10,1,True
newcand_2868,True,popularity_baseline,10,3,True
newcand_2869,True,popularity_baseline,10,1,True
newcand_2870,True,popularity_baseline,10,2,True
newcand_2871,True,popularity_baseline,10,1,True
newcand_2872,True,popularity_baseline,10,2,True
newcand_2873,True,popularity_baseline,10,2,True
newcand_2874,True,popularity_baseline,10,3,True
newcand_2875,True,popularity_baseline,10,1,True
newcand_2876,True,popularity_baseline,10,0,False
newcand_2877,True,popularity_baseline,10,0,False
newcand_2878,True,popularity_baseline,10,1,True
newcand_2879,True,popularity_baseline,10,1,True
newcand_2880,True,popularity_baseline,10,0,False
newcand_2881,True,popularity_baseline,10,3,True
newcand_2882,True,popularity_baseline,10,1,True
newcand_2883,True,popularity_baseline,10,1,True
newcand_2884,True,popularity_baseline,10,0,False
newcand_2885,True,popularity_baseline,10,0,False
newcand_2886,True,popularity_baseline,10,0,False
newcand_2887,True,popularity_baseline,10,3,True
newcand_2888,True,popularity_baseline,10,1,True
newcand_2889,True,popularity_baseline,10,1,True
newcand_2890,True,popularity_baseline,10,0,False
newcand_2891,True,popularity_baseline,10,1,True
newcand_2892,True,popularity_baseline,10,0,False
newcand_2893,True,popularity_baseline,10,1,True
newcand_2894,True,popularity_baseline,10,0,False
newcand_2895,True,popularity_baseline,10,2,True
newcand_2896,True,popularity_baseline,10,1,True
newcand_2897,True,popularity_baseline,10,0,False
newcand_2898,True,popularity_baseline,10,2,True
newcand_2899,True,popularity_baseline,10,1,True
newcand_2900,True,popularity_baseline,10,1,True
newcand_2901,True,popularity_baseline,10,2,True
newcand_2902,True,popularity_baseline,10,2,True
newcand_2903,True,popularity_baseline,10,2,True
newcand_2904,True,popularity_baseline,10,2,True
newcand_2905,False,popularity_baseline,10,0,False
newcand_2906,True,popularity_baseline,10,0,False
newcand_2907,True,popularity_baseline,10,0,False
newcand_2908,True,popularity_baseline,10,1,True
newcand_2909,True,popularity_baseline,10,1,True
newcand_2910,True,popularity_baseline,10,5,True
newcand_2911,True,popularity_baseline,10,3,True
newcand_2912,True,popularity_baseline,10,1,True
newcand_2913,True,popularity_baseline,10,2,True
newcand_2914,True,popularity_baseline,10,3,True
newcand_2915,True,popularity_baseline,10,1,True
newcand_2916,True,popularity_baseline,10,2,True
newcand_2917,True,popularity_baseline,10,0,False
newcand_2918,True,popularity_baseline,10,1,True
newcand_2919,True,popularity_baseline,10,1,True
newcand_2920,True,popularity_baseline,10,1,True
newcand_2921,True,popularity_baseline,10,0,False
newcand_2922,True,popularity_baseline,10,2,True
newcand_2923,True,popularity_baseline,10,2,True
newcand_2924,True,popularity_baseline,10,2,True
newcand_2925,True,popularity_baseline,10,0,False
newcand_2926,True,popularity_baseline,10,0,False
newcand_2927,True,popularity_baseline,10,1,True
newcand_2928,True,popularity_baseline,10,2,True
newcand_2929,True,popularity_baseline,10,2,True
newcand_2930,True,popularity_baseline,10,2,True
newcand_2931,True,popularity_baseline,10,2,True
newcand_2932,True,popularity_baseline,10,1,True
newcand_2933,True,popularity_baseline,10,2,True
newcand_2934,True,popularity_baseline,10,2,True
newcand_2935,True,popularity_baseline,10,0,False
newcand_2936,True,popularity_baseline,10,0,False
newcand_2937,True,popularity_baseline,10,1,True
newcand_2938,True,popularity_baseline,10,2,True
newcand_2939,True,popularity_baseline,10,2,True
newcand_2940,True,popularity_baseline,10,3,True
newcand_2941,True,popularity_baseline,10,0,False
newcand_2942,True,popularity_baseline,10,1,True
newcand_2943,True,popularity_baseline,10,1,True
newcand_2944,True,popularity_baseline,10,1,True
newcand_2945,True,popularity_baseline,10,3,True
newcand_2946,True,popularity_baseline,10,1,True
newcand_2947,True,popularity_baseline,10,1,True
newcand_2948,True,popularity_baseline,10,1,True
newcand_2949,True,popularity_baseline,10,0,False
newcand_2950,False,popularity_baseline,10,1,True
newcand_2951,True,popularity_baseline,10,0,False
newcand_2952,True,popularity_baseline,10,1,True
newcand_2953,True,popularity_baseline,10,2,True
newcand_2954,True,popularity_baseline,10,1,True
newcand_2955,True,popularity_baseline,10,1,True
newcand_2956,True,popularity_baseline,10,0,False
newcand_2957,True,popularity_baseline,10,2,True
newcand_2958,True,popularity_baseline,10,1,True
newcand_2959,True,popularity_baseline,10,1,True
newcand_2960,True,popularity_baseline,10,1,True
newcand_2961,True,popularity_baseline,10,3,True
newcand_2962,True,popularity_baseline,10,0,False
newcand_2963,True,popularity_baseline,10,0,False
newcand_2964,True,popularity_baseline,10,0,False
newcand_2965,True,popularity_baseline,10,0,False
newcand_2966,True,popularity_baseline,10,2,True
newcand_2967,True,popularity_baseline,10,1,True
newcand_2968,True,popularity_baseline,10,2,True
newcand_2969,False,popularity_baseline,10,0,False
newcand_2970,True,popularity_baseline,10,1,True
newcand_2971,True,popularity_baseline,10,1,True
newcand_2972,True,popularity_baseline,10,1,True
newcand_2973,True,popularity_baseline,10,3,True
newcand_2974,True,popularity_baseline,10,2,True
newcand_2975,True,popularity_baseline,10,2,True
newcand_2976,True,popularity_baseline,10,1,True
newcand_2977,True,popularity_baseline,10,3,True
newcand_2978,True,popularity_baseline,10,0,False
newcand_2979,True,popularity_baseline,10,2,True
newcand_2980,True,popularity_baseline,10,2,True
newcand_2981,True,popularity_baseline,10,2,True
newcand_2982,True,popularity_baseline,10,1,True
newcand_2983,True,popularity_baseline,10,4,True
newcand_2984,True,popularity_baseline,10,0,False
newcand_2985,True,popularity_baseline,10,0,False
newcand_2986,True,popularity_baseline,10,2,True
newcand_2987,False,popularity_baseline,10,0,False
newcand_2988,True,popularity_baseline,10,1,True
newcand_2989,True,popularity_baseline,10,3,True
newcand_2990,True,popularity_baseline,10,2,True
newcand_2991,True,popularity_baseline,10,0,False
newcand_2992,False,popularity_baseline,10,0,False
newcand_2993,True,popularity_baseline,10,3,True
newcand_2994,True,popularity_baseline,10,1,True
newcand_2995,True,popularity_baseline,10,1,True
newcand_2996,True,popularity_baseline,10,0,False
newcand_2997,True,popularity_baseline,10,0,False
newcand_2998,True,popularity_baseline,10,2,True
newcand_2999,True,popularity_baseline,10,1,True
